,title_token,subreddit
0,"['ordered', 'a', 'pair', 'of', 'these', 'my', 'first', '327', 's', 'im', 'in', 'love']",Newbalance
1,"['started', 'grey', 'day', 'getting', 'a', 'lil', 'hooked']",Newbalance
2,"['started', 'grey', 'day', 'getting', 'a', 'lil', 'hooked']",Newbalance
3,"['started', 'on', 'grey', 'day', 'getting', 'a', 'lil', 'hooked']",Newbalance
4,"['when', 'will', 'these', 'drop', 'on', 'the', 'nb', 'website', 'i', 'have', 'seen', 'these', 'on', 'other', 'online', 'shops', 'but', 'i', 'want', 'to', 'purchase', 'these', 'on', 'the', 'nb', 'site', 'because', 'i', 'have', 'a', 'gift', 'card']",Newbalance
5,"['finally', 'bought', 'out', 'the', 'studio', 'fy7s', 'for', 'my', 'birthday']",Newbalance
6,"['just', 'arrived', 'in', 'the', 'mail']",Newbalance
7,"['marathon', 'v3s']",Newbalance
8,"['nb', 'collection']",Newbalance
9,"['one', 'of', 'the', 'best', 'concepts', 'collabs', '998', 'tannery', 'today']",Newbalance
10,"['how', 'do', 'nb', '2002r', 'fit', 'and', 'how', 'comfy', 'are', 'they', 'compared', 'to', 'other', 'models', 'eg', '992', '991', '990']",Newbalance
11,"['how', 'is', 'the', 'sizing', 'on', 'x', 'racers']",Newbalance
12,"['love', 'these', 'things']",Newbalance
13,"['997', 's']",Newbalance
14,"['thoughts', 'on', '878', 'some', 'sizes', 'available', 'in', 'abbey', 'grey']",Newbalance
15,"['can', 't', 'decide', 'between', 'these', 'two']",Newbalance
16,"['finally', 'got', 'some', '550', 's', 'so', 'happy']",Newbalance
17,"['other', 'm997naj']",Newbalance
18,"['new', 'balance', '992']",Newbalance
19,"['new', 'balance', 'go', 'the', 'distance', 'with', 'run', 'the', 'boroughs', 'made', 'in', 'england', '991', 'sneaker']",Newbalance
20,"['fellow', 'super', 'wide', 'feet', 'brethren', 'which', 'models', 'should', 'i', 'look', 'for']",Newbalance
21,"['new', 'balance', 'x', 'run', 'the', 'boroughs', '991']",Newbalance
22,"['damari', 'savile', 'culture', 'first', 'new', 'balance', '992']",Newbalance
23,"['love', 'my', '574s', 'excuse', 'the', 'shitty', 'lacing']",Newbalance
24,['taxmas'],Newbalance
25,"['jaden', 'smith', '574', 'just', 'arrived']",Newbalance
26,"['og', '3', 'blk', 'beaters']",Newbalance
27,"['anyone', 'able', 'to', 'id', 'these', 'i', 'wanna', 'get', 'ahold', 'of', 'a', 'pair', 'but', 'i', 'don', 't', 'know', 'the', 'model']",Newbalance
28,"['990v3', 'nyc', 'marathons', 'for', 'the', 'sock', 'police', 'please', 'let', 'the', 'timbo', 'socks', 'slide', 'i', 'm', 'just', 'working', 'out', 'at', 'home']",Newbalance
29,"['anyone', 'own', 'a', 'pair', 'of', '991s', 'do', 'they', 'really', 'run', 'that', 'small', 'or', 'can', 'i', 'go', 'the', 'same', 'size', 'as', 'all', 'my', 'other', 'nbs']",Newbalance
30,"['anybody', 'see', 'these', 'nb', 'tokyo', 'design', 'studio', 'x', 'stone', 'island', 'collage', 'pictures']",Newbalance
31,"['m990cp2', 'in', 'stock', 'at', 'notre', 'shop']",Newbalance
32,"['new', '574', 'backpacks', 'hurting', 'my', 'feet']",Newbalance
33,"['latest', 'pick', 'up', 'this', 'colorway', 'is', 'clean', 'af']",Newbalance
34,"['990', 'version', '3', 'live', 'on', 'oneness', '129', 'pairs']",Newbalance
35,"['who', 's', 'eggcited']",Newbalance
36,"['has', 'anyone', 'received', 'shipping', 'updates', 'on', 'the', 'j', 'crew', 'x', 'new', 'balance', '2002r']",Newbalance
37,"['new', 'pickup', '992ba']",Newbalance
38,"['this', 'new', 'balance', 'is', 'a', 'dope']",Newbalance
39,"['any', 'updates', 'on', 'the', 'shipping', 'of', 'the', 'j', 'crew', 'x', 'new', 'balance', '2002r']",Newbalance
40,"['any', 'updates', 'on', 'the', 'j', 'crew', 'x', 'new', 'balance', '2002r']",Newbalance
41,"['good', 'morning']",Newbalance
42,"['thrifted', '20', 'bucks', 'win']",Newbalance
43,"['if', 'your', 'in', 'this', 'thread', 'and', 'don', 't', 'own', 'a', 'pair', 'of', 'these', 'what', 'are', 'you', 'doing', 'with', 'your', 'life']",Newbalance
44,"['any', 'model', 'with', 'this', 'color', 'scheme', 'but', 'low', 'soles']",Newbalance
45,"['confused', 'with', 'the', '990v5', 'sizing']",Newbalance
46,"['thinking', 'of', 'copping', 'the', 'natural', 'indigo', '327', 's', 'during', 'sunkia', 's', 'sale', 'how', 's', 'the', 'sizing']",Newbalance
47,"['when', 'one', 'foot', 'is', 'bigger', 'than', 'other', 'go', 'with', 'the', 'bigger', 'foot']",Newbalance
48,"['what', 'are', 'your', 'thoughts', 'on', 'this', 'colourway', 'and', 'the', 'model', 'in', 'general', 'not', 'my', 'photo']",Newbalance
49,"['interesting', 'article', 'regarding', 'nb']",Newbalance
50,"['the', '990v5', 'on', 'black', 'is', 'a', 'dope']",Newbalance
51,"['the', '990v5', 'on', 'black', 'is', 'a', 'dope']",Newbalance
52,"['how', 'to', 'clean', '990v5', 'suede']",Newbalance
53,"['fresh', 'foam', 'cruz', 'wide']",Newbalance
54,"['i', 'need', 'help']",Newbalance
55,"['out', 'for', 'a', 'jog', 'with', 'the', '990bd3']",Newbalance
56,"['was', 'eyeing', 'the', 'rain', 'clouds', 'for', 'a', 'few', 'weeks', 'and', 'finally', 'pulled', 'the', 'trigger', 'before', 'the', 'price', 'shot', 'up', '70', 'in', 'a', 'couple', 'days', 'm2002rda']",Newbalance
57,"['cozy', 'boiz']",Newbalance
58,"['m992dl', 'just', 'dropped', 'by']",Newbalance
59,"['beat', 'cleaner']",Newbalance
60,"['was', 'really', 'on', 'the', 'fence', 'about', 'these', 'at', 'first', 'but', 'after', 'getting', 'them', 'in', 'hand', 'i', 'm', 'glad', 'i', 'decided', 'to', 'pull', 'the', 'trigger']",Newbalance
61,"['can', 'anyone', 'help', 'me', 'get', 'my', 'first', '990', 'v3', 'i', 'm', 'after', 'the', 'tornados', 'but', 'i', 'live', 'in', 'the', 'u', 'k', 'amp', 'resell', 'is', 'high']",Newbalance
62,[],Newbalance
63,"['few', 'recent', 'wears']",Newbalance
64,"['about', 'to', 'get', 'another', 'pair', 'just', 'for', 'work', 'love', 'these']",Newbalance
65,"['looking', 'for', 'help', 'to', 'get', 'the', '990v3', 'tornado', 'in', 'a', 'size', '9', 'mens']",Newbalance
66,"['920s', 'for', '9', '20']",Newbalance
67,"['sizing', 'for', '990v5']",Newbalance
68,"['after', 'my', 'first', 'pair', 'of', '574s', 'this', 'is', 'the', 'pair', 'that', 'started', 'my', 'nb', 'journey']",Newbalance
69,"['the', 'shoes', 'that', 'got', 'me', 'to', 'appreciate', 'new', 'balance', 'and', 'luckily', 'i', 'found', 'a', 'pair', 'kith', 'central', 'parks']",Newbalance
70,"['want', 'to', 'exchange', 'my', 'new', 'balance', '990v5', 'for', 'a', 'size', '10', 'need', 'help']",Newbalance
71,['restock'],Newbalance
72,"['full', 'size', 'down', '990v3']",Newbalance
73,"['this', 'is', 'why', 'i', 'can', 't', 'get', 'these', 'same', 'seller']",Newbalance
74,"['which', 'ones', 'you', 'grabbing', 'first']",Newbalance
75,"['i', 'just', 'fell', 'in', 'love', 'today']",Newbalance
76,"['i', 'just', 'fell', 'in', 'love', 'today']",Newbalance
77,"['help', 'id', 'ing', 'shoes']",Newbalance
78,"['newest', 'pickup', 'only', '50', 'pairs', 'made', 'concepts', 'new', 'england']",Newbalance
79,"['just', 'busted', 'out', 'this', 'pair', 'of', '1500s', 'i', 'scored', 'before', 'quarantine']",Newbalance
80,"['just', 'picked', 'these', 'up', 'm997smg']",Newbalance
81,"['working', 'in', 'these', 'r', 'everything']",Newbalance
82,"['the', '990v3', 'levi', 's', 'are', 'which', 'ones', 'do', 'you', 'prefer', 'blue', 'or', 'grey']",Newbalance
83,"['current', 'rotation', 'what', 's', 'yours', 'look', 'like']",Newbalance
84,"['please', 'where', 'can', 'i', 'buy', 'these', 'shoes', 'can', 'u', 'identify', 'the', 'colour', 'for', 'me', 'thanks', 'reviews', 'tts']",Newbalance
85,"['m990bu3', 'just', 'came', 'to', 'my', 'door', 'well', 'under', 'retail']",Newbalance
86,"['forgot', 'to', 'match', 'the', 'laces', 'today', 'bodega', '990v3']",Newbalance
87,"['i', 'got', 'some', 'new', 'balance', '990v3s', 'and', 'the', 'tongues', 'keep', 'sliding', 'to', 'the', 'outside', 'has', 'anyone', 'else', 'had', 'his', 'problem', 'or', 'know', 'how', 'to', 'fix', 'it', 'i', 'even', 'laced', 'through', 'the', 'strap', 'thing', 'on', 'the', 'tongue']",Newbalance
88,"['is', 'anyone', 'located', 'near', 'a', 'kith', 'store', 'would', 'love', 'help', 'with', 'a', 'proxy', 'looking', 'to', 'get', 'kith', 'genesis', 'tornado', 'but', 'i', 'don', 't', 'live', 'anywhere', 'near', 'kith']",Newbalance
89,"['poor', 'man', 's', 'wtaps']",Newbalance
90,"['crazy', 'how', 'these', 'were', 'slept', 'on']",Newbalance
91,"['can', 'anyone', 'tell', 'me', 'how', 'the', '550', 'fit']",Newbalance
92,"['nb', 'dedicated', 'discord', 'server']",Newbalance
93,['992'],Newbalance
94,"['cheap', 'shipping', 'options', 'canada', 'to', 'australia']",Newbalance
95,"['990v1', 'my', 'favorite', 'release', 'of', '2021', 'so', 'far']",Newbalance
96,"['took', 'the', 'salehe', 's', 'for', 'a', 'hike']",Newbalance
97,"['my', 'collection', 'missing', 'my', 'black', '990v5']",Newbalance
98,"['trainer', 'spotting', 'on', 'instagram', 'james', 'gandolfini', 'who', 'would', 've', 'been', '60', 'today', 'and', 'some', 'of', 'my', 'favorite', 'sneaker', 'moments', 'with', 'him']",Newbalance
99,"['stance', '997', 's', 'today']",Newbalance
0,"['dust', 'bag', 'and', 'a', 'bundle', 'of', 'extra', 'laces', 'that', 's', 'what', 'i', 'like', 'to', 'see']",Newbalance
1,"['runnin', 'out', 'of', 'room', 'bruh']",Newbalance
2,"['going', 'through', 'some', 'of', 'my', 'older', 'pairs', 'amp', 'came', 'across', 'these', '996', 's']",Newbalance
3,"['advice', 'on', 'buying', 'a', 'new', 'pair', 'which', 'of', 'these', 'is', 'best', 'to', 'buy', 'as', 'a', 'second', 'pair']",Newbalance
4,"['walking', 'thru', 'the', 'hood', 'in', 'my', 'xc', '72', 'luv', 'them', 'how', 'do', 'you', 'feel', 'about', 'these', 'pairs']",Newbalance
5,"['my', 'modest', 'collection']",Newbalance
6,"['2002r', 'protection', 'sea', 'salt', 'these', 'are', 'crazy']",Newbalance
7,"['maybe', 'my', 'faves', 'of', 'a', 'massive', 'nb', 'year', 'what', 'are', 'yours']",Newbalance
8,"['992', 'colorblock', 'great', 'shoe']",Newbalance
9,"['what', 'kind', 'of', 'new', 'balances', 'are', 'in', 'this', 'pic']",Newbalance
10,"['two', 'months', 'into', 'my', 'new', 'balance', 'addiction', 'that', 'started', 'with', 'the', '990v2', 'first', 'picked', 'up', 'at', 'concepts', 'nyc', '990v3', 'and', '990v5', 'are', 'my', 'next', 'goals']",Newbalance
11,"['happy', 'friday', 'y', 'all']",Newbalance
12,"['new', 'pickup', 'excited']",Newbalance
13,"['yall', 'are', 'any', 'of', 'these', 'pigskin']",Newbalance
14,"['size', 'comparisons', 'between', 'different', 'models']",Newbalance
15,"['discussion', 'pt', '2', 'to', 'my', 'og', 'heads', 'what', 'got', 'you', 'into', 'nbs', 'and', 'when', 'did', 'you', 'start', 'any', 'dmv', 'people', 'in', 'here', 'i', 'know', 'nb', 'is', 'a', 'part', 'of', 'life', 'over', 'there']",Newbalance
16,"['first', 'time', 'purchase', 'love', 'them']",Newbalance
17,"['discussion', 'what', 'made', 'the', 'newcomers', 'interested', 'in', 'nb', 'and', 'how', 'long', 'has', 'it', 'been', 'like', 'this', 'i', 've', 'been', 'in', 'hiatus', 'for', 'a', 'minute', 'is', 'it', 'just', 'that', 'dad', 'shoes', 'are', 'in', 'because', 'of', 'nikes', 'crap', 'quality', 'sick', 'of', 'j', 's', 'just', 'curious']",Newbalance
18,"['size', '574s', 'back', 'in', 'stock', 'in', 'many', 'sizes']",Newbalance
19,"['m1500pgl', 'for', '99', 'on', 'etsy', 'brand', 'new', 'w', 'box']",Newbalance
20,"['991', '20th', 'anniversary']",Newbalance
21,"['v2', 's', 'today']",Newbalance
22,"['my', 'first', 'ever', 'collectible', 'nb', 'shoes', 'can', 'anybody', 'help', 'check', 'whether', 'these', 'are', 'legit', 'or', 'fake']",Newbalance
23,"['992', 'nimbus', 'cloud', 'beaters']",Newbalance
24,"['992', 'nimbus', 'cloud']",Newbalance
25,"['some', 'custom', '990v3s', 'i', 'created', 'out', 'of', 'some', 'beaters']",Newbalance
26,['j'],Newbalance
27,"['opinions', 'on', '990', 'v5']",Newbalance
28,"['this', 'little', 'guy', 'found', 'a', 'new', 'home']",Newbalance
29,"['992gg', 'in', 'office', 'today']",Newbalance
30,"['restocking', 'soon']",Newbalance
31,"['really', 'hope', 'this', 'isn', 't', 'an', 'error']",Newbalance
32,"['i', 'feel', 'these', 'were', 'slept', 'on']",Newbalance
33,"['it', 's', 'probably', 'done', 'before', 'but', 'what', 'is', 'the', 'best', '990', 'model', 'in', 'your', 'opinion', 'i', 'm', 'curious', 'to', 'the', 'reason', 'as', 'well', 'go']",Newbalance
34,"['today', 's', 'wear', 'happy', 'friday']",Newbalance
35,"['550s', 'available', 'on', 'nb', 'site', 'us']",Newbalance
36,"['wtb', 'new', 'balance', 'm1530ogg', 'size', '11', 'us']",Newbalance
37,"['starting', 'the', 'collection']",Newbalance
38,"['someone', 'know', 'the', 'name', 'of', 'this', 'jacket']",Newbalance
39,"['resource', 'for', 'wide', 'feet', '4e', 'for', 'nb', 'newbie']",Newbalance
40,"['m1300cls', 'made', 'in', 'usa']",Newbalance
41,"['added', 'the', '990vs3', 'to', 'the', 'stable', 'today']",Newbalance
42,"['possible', 'for', 'us', 'resident', 'to', 'purchase', 'from', 'nb', 'japan', 'website']",Newbalance
43,"['really', 'digging', 'these', '327', 's']",Newbalance
44,"['kith', 'genesis', 'to', 'the', 'office', 'today']",Newbalance
45,"['rocking', '900v3', 'genesis', 'to', 'the', 'office', 'today']",Newbalance
46,"['do', '550s', 'ever', 'get', 'more', 'comfortable']",Newbalance
47,"['just', 'called', 'a', 'few', 'stores', 'around', 'my', 'area', 'and', 'said', 'they', 'weren', 't', 'getting', '993s', 'back', 'in', 'stock', 'for', 'the', 'rest', 'of', 'the', 'year', 'been', 'trying', 'for', 'months']",Newbalance
48,"['casablanca', '327']",Newbalance
49,"['newest', 'pickup', 'they', 're', 'much', 'nicer', 'in', 'person', 'than', 'in', 'photos', 'also', 'the', 'materials', 'are', 'surprisingly', 'excellent']",Newbalance
50,"['new', 'balance', '517']",Newbalance
51,"['990v2', 'pickups']",Newbalance
52,"['do', 'you', 'use', 'anything', 'to', 'protect', 'your', 'suede', '990s', 'like', 'water', 'proofing', 'spray', 'or', 'suede', 'cleaner']",Newbalance
53,"['levi', 's', '990v3', 'denim', 'blue', 'still', 'available', 'in', '9', '5']",Newbalance
54,"['nb', 'hype']",Newbalance
55,"['new', 'balance', 'm992ec', 'glad', 'i', 'got', 'this', 'pair']",Newbalance
56,"['fsr', 'on', 'bodega', 'for', 'cp2', 's']",Newbalance
57,"['welp', 'i', 'didn', 't', 'get', 'the', 'levi', 's', '990', 'but', 'i', 'did', 'manage', 'to', 'get', 'these', 'for', '30', 'bucks']",Newbalance
58,"['protection', 'pack', 'for', 'sale']",Newbalance
59,"['these', 'are', 'insane']",Newbalance
60,"['990v5', 'vs', '993']",Newbalance
61,"['best', 'way', 'to', 'clean', 'this', 'looks', 'like', 'i', 'just', 'spread', 'the', 'black', 'smudge', 'and', 'the', 'suede', 'is', 'all', 'dark', 'and', 'stiff', 'now']",Newbalance
62,"['my', 'first', 'pair', 'xc', '72']",Newbalance
63,"['top', 'or', 'bottom', 'levi', 's', 'for', 'feet']",Newbalance
64,"['new', 'balance', 'hates', 'us', 'big', 'feet', 'folks']",Newbalance
65,"['the', 'balance', 'collection', 'so', 'far', 'plan', 'on', 'getting', 'the', '920', 'and', '990v4', 'soon']",Newbalance
66,['keepers'],Newbalance
67,['michigan'],Newbalance
68,"['what', 'a', 'surprise', 'these', 'were', 'just', 'dropped', 'off', 'the', 'kicker', 'is', 'i', 'didn', 't', 'order', 'this', 'pair']",Newbalance
69,"['new', 'balance', 'm990cp2', 'grey', 'green', 'tan', '990v2']",Newbalance
70,"['what', 'are', 'your', 'retail', 'white', 'whales']",Newbalance
71,"['today', 's', 'wear', 'trying', 'to', 'get', 'everything', 'out', 'the', 'boxes', 'before', 'they', 'go', 'into', 'hibernation', 'for', 'the', 'winter']",Newbalance
72,"['my', 'first', 'pair', 'made', 'in', 'uk']",Newbalance
73,"['help', 'finding', 'past', 'model']",Newbalance
74,"['good', 'nb', 'shoes', 'for', 'achilles', 'pain', 'or', 'just', 'ones', 'that', 'lower', 'the', 'risk', 'of', 'injuries', 'in', 'the', 'ankle', 'and', 'the', 'foot']",Newbalance
75,"['rain', 'clouds', 'yield', 'healthy', 'plants']",Newbalance
76,"['new', 'balance', 'comfort', 'without', 'insoles']",Newbalance
77,"['sara', 'and', 'her', 'babies', 'update']",Newbalance
78,"['nb', 'heads', 'discord']",Newbalance
79,"['where', 'can', 'i', 'buy', '993', 'white', 'laces']",Newbalance
80,"['993', 'grey']",Newbalance
81,"['993', 'grey', 'beaters']",Newbalance
82,"['levi', 's', 'for', 'feet', 'straight', 'to', 'feet']",Newbalance
83,"['993', 'grey', 'beaters']",Newbalance
84,"['levi', 's', 'for', 'feet', 'came', 'in', 'today']",Newbalance
85,"['levi', 's', 'for', 'feet', 'came', 'in']",Newbalance
86,"['do', 'orthopedic', 'insoles', 'fit', 'new', 'balance', 'shoes', 'in', 'general']",Newbalance
87,"['anyone', 'have', 'info', 'or', 'how', 'much', 'these', 'cost', 'thanks']",Newbalance
88,"['today', 's', 'wear', 'sorry', 'if', 'this', 'is', 'an', 'anti', 'fieg', 'sub', 'this', 'is', 'the', 'only', 'pair', 'i', 'kept']",Newbalance
89,['tuesday'],Newbalance
90,"['spilt', 'coffee', 'on', 'the', 'white', 'toe', 'box', 'how', 'do', 'i', 'clean', 'it', 'please', 'so', 'many', 'thanks']",Newbalance
91,"['wtb', 'any', 'navy', 'or', 'grey', '990v2', 'pair', 'in', 'size', '11', 'or', '11', '5']",Newbalance
92,"['lace', 'swaps', 'make', 'the', '990v4', 'pop']",Newbalance
93,"['was', 'at', 'class', 'with', 'my', 'legs', 'crossed', 'then', 'accidentally', 'drew', 'a', 'pen', 'mark', 'over', 'the', 'suede', 'on', 'my', '990v5s', 'what', 'can', 'i', 'do']",Newbalance
94,"['anyone', 'know', 'of', 'a', 'way', 'of', 'buying', 'shoes', 'from', 'a', 'foreign', 'nb', 'site']",Newbalance
95,"['can', 't', 'find', 'these', 'anywhere', 'online', 'looking', 'to', 'sell', 'don', 't', 'know', 'how', 'much']",Newbalance
96,"['could', 'i', 'use', 'the', 'nb', '1080', 'women', 's', 'version']",Newbalance
97,"['finally', 'got', 'em', 'all', 'so', 'hard', 'to', 'find', 'a', 'good', 'clean', 'pair', 'of', 'v3', 's']",Newbalance
98,"['are', 'my', 'new', '574s', 'authentic']",Newbalance
99,"['out', 'of', 'the', 'ordinary', 'nb']",Newbalance
0,"['j', 'crew', '2002r', 'still', 'waitlisted']",Newbalance
1,"['2', 'wxy', 'fit']",Newbalance
2,"['never', 'did', 'a', 'follow', 'up', 'post', 'of', 'on', 'feet', 'looks', 'well', 'better', 'late', 'than', 'never', 'bape', '2002r']",Newbalance
3,"['not', 'so', 'typical', 'grey', 'nbs']",Newbalance
4,"['w2c', 'where', 'can', 'i', 'find', 'this', 'and', 'what', 's', 'the', 'exact', 'model', 'name', 'help', 'a', 'brother', 'trying', 'to', 'be', 'fly', 'out']",Newbalance
5,"['very', 'odd', 'design', 'choice', 'for', 'nb']",Newbalance
6,"['today', 's', 'wear']",Newbalance
7,"['mail', 'call']",Newbalance
8,"['anyone', 'have', 'these', 'yet', 'and', 'have', 'on', 'feet', 'pics']",Newbalance
9,"['thought', 'these', 'might', 'get', 'more', 'love', 'over', 'here', 'i', 'm', 'obsessed', 'with', 'these', 'can', 't', 'stop', 'looking', 'down', 'at', 'my', 'feet', 'i', 'm', 'bumping', 'into', 'things']",Newbalance
10,"['everyone', 'is', 'welcome', 'to', 'join', 'the', 'discord', 'here', 's', 'the', 'link']",Newbalance
11,"['got', 'my', 'first', 'new', 'balance', 'last', 'week', 'they', 'fit', 'just', 'perfect']",Newbalance
12,"['jfg', '990v3']",Newbalance
13,"['levi', 's', '990v3', 'in', 'hand', 'what', 'do', 'you', 'think', 'nice', 'collab', 'but', 'are', 'these', 'worth', '230', 'i', 'got', 'grey', 'day', '574', 'for', '75', 'and', 'returned', 'them', 'but', 'now', 'i', 'm', 'left', 'wondering', 'whether', 'i', 'actually', 'preferred', 'them', 'over', 'the', 'chunky', '990']",Newbalance
14,"['just', 'a', 'little', 'castle', 'rock', 'moment']",Newbalance
15,"['daily', 'poster', 'challenge', 'that', 'i', 'and', 'my', 'friend', 'did', 'of', 'our', 'favourite', 'sneakers']",Newbalance
16,"['so', 'the', 'levis', 'just', 'came', 'in', 'today']",Newbalance
17,"['broke', 'out', 'the', 'teal', '992', 's', 'for', 'the', 'first', 'time', 'comfortable', 'but', 'not', 'as', 'comfortable', 'as', 'the', '990', 's', 'imo']",Newbalance
18,"['not', 'sure', 'how', 'i', 'feel', 'about', 'these', '991', 's']",Newbalance
19,['m990nc5'],Newbalance
20,"['if', 'anyone', 'wants', 'the', 'link', 'to', 'the', 'discord', 'you', 'can', 'dm', 'me', 'here', 'or', 'gassoles', 'on', 'insta']",Newbalance
21,"['577', 's', 'gettin', 'stepped', 'on', 'and', 'it', 's', 'my', 'favorite', 'pair', 'in', 'this', 'madness']",Newbalance
22,"['shoe', 'trees']",Newbalance
23,"['id', 'on', 'these', 'pls']",Newbalance
24,"['id', 'on', 'this', 'one', 'pls']",Newbalance
25,"['me', 'and', 'my', 'girl', 'opening', 'season']",Newbalance
26,"['maybe', 'i', 'm', 'tripping', 'but', 'i', 'don', 't', 'recall', 'seeing', 'any', 'pictures', 'of', 'the', 'nb', 'logo', 'on', 'this', 'sb', '2002r', 'looking', 'like', 'this', 'it', 'looks', 'nappy', 'the', 'threads', 'coming', 'loose', 'am', 'i', 'crazy', 'or', 'are', 'other', 'pairs', 'like', 'this']",Newbalance
27,"['sunday', 'best']",Newbalance
28,"['that', 'nappy', 'suede']",Newbalance
29,"['why', 'does', 'it', 'seem', 'like', 'there', 'are', 'a', 'small', 'amount', 'of', '993', 'colorways', 'has', 'nb', 'just', 'not', 'pushed', 'this', 'model', 'yet']",Newbalance
30,"['this', 'subreddit', 'should', 'create', 'a', 'way', 'to', 'let', 'people', 'buy', 'and', 'sell', 'nb', 'shoes']",Newbalance
31,"['550', 'sizing']",Newbalance
32,"['new', 'balance', '530', 'sizing', 'help']",Newbalance
33,"['does', 'new', 'balance', 'need', 'to', 'widen', 'the', 'made', 'in', 'us', 'uk', 'box']",Newbalance
34,"['paul', 'allen', 's', 'sneakers']",Newbalance
35,"['will', 'i', 'get', 'any', 'more', 'height', 'from', 'a', '990', 'compared', 'to', 'a', '574']",Newbalance
36,"['550', 'ald', 'my', 'favorite', 'nb', 'terrible', 'heel', 'support', 'though']",Newbalance
37,"['my', 'nb', 'rotation', 'as', 'of', 'now']",Newbalance
38,"['autumnal', 'v', 'i', 'b', 'e', 's']",Newbalance
39,"['sneaker', 'budget', 'question']",Newbalance
40,"['new', 'balance', '550', 'shifted', 'sport', 'pack', 'black', 'toe', 'finally', 'to', 'get', 'a', 'pair', 'of', '550', 'for', 'just', 'about', 'retail', '10', 'more', 'especially', 'this', 'cw', 'i', 'really', 'wanted', 'black', 'toes', 'lol']",Newbalance
41,"['imagine', 'thinking', 'they', 're', 'all', 'the', 'same']",Newbalance
42,"['new', 'balance', 'houndstooth', 'pack', 'at', 'sak', 's', '991', 'amp', '1500']",Newbalance
43,"['wearing', 'my', 'niobium', 'concept', '1s', 'in', 'the', 'wild', 'love', 'them', 'so', 'much', 'thinking', 'of', 'getting', 'another', 'pair']",Newbalance
44,"['saks', 'fifth', 'got', '990v3', 'available', 'for', 'preorder', 'again', 'fyi']",Newbalance
45,['question'],Newbalance
46,"['east', 'bay', 'got', 'some', '4e', '992', 's']",Newbalance
47,"['anyone', 'know', 'where', 'i', 'can', 'gind', 'these', 'in', 'a', '8', '5', 'or', 'a', '9', 'i', 'have', 'looked', 'everywhere', 'online', 'and', 'all', 'i', 'can', 'find', 'are', 'used', 'pairs', 'that', 'are', 'in', 'bad', 'shape']",Newbalance
48,"['992', 'm992gg', 'question']",Newbalance
49,"['i', 'bought', 'these', 'new', 'balance', 'on', 'goat', 'app', 'just', 'the', 'other', 'day', 'but', 'i', 'cant', 'find', 'anything', 'on', 'style', 'code', 'ms997k1', 'could', 'y', 'all', 'help', 'me', 'out', 'since', 'yall', 'are', 'knowledgeable', 'in', 'nbs', 'and', 'i', 'm', 'just', 'getting', 'into', 'them', 'thank', 'you', 'in', 'advance']",Newbalance
50,"['new', 'balance', '990v3', 'x', 'aries']",Newbalance
51,"['first', 'pair', 'of', 'new', 'balances', 'i', 'think', 'i', 'm', 'hooked']",Newbalance
52,"['goodwill', 'pickup', 'any', 'tips', 'on', 'how', 'to', 'clean', 'them', 'up']",Newbalance
53,"['non', 'mesh', '996', 'or', 'something', 'similar']",Newbalance
54,"['are', 'nb', '574', 'classics', 'durable', 'and', 'last', 'long']",Newbalance
55,"['finally', 'got', 'hold', 'of', 'a', '992', 'after', 'such', 'a', 'long', 'wait', 'i', 'gotta', 'say', 'though', 'every', 'pair', 'of', 'pants', 'i', 'wore', 'with', 'it', 'looks', 'good', 'no', 'matter', 'what', 'the', 'fit', 'was']",Newbalance
56,"['new', 'balance', 'scarcity']",Newbalance
57,"['survival', 'miami', 'has', 'a', 'full', 'size', 'run', 'of', 'the', 'new', '550hr1', 'and', 'le1', 'for', 'any', 'saturday', 'morning', 'early', 'birds', 'easy', 'grab']",Newbalance
58,"['550hr1', 'and', '550el1', 'full', 'size', 'run', 'readily', 'available', 'at', 'survival', 'miami', 'for', 'you', 'saturday', 'early', 'birds']",Newbalance
59,"['990', 'v4', 'sizing']",Newbalance
60,"['what', 'on', 'gods', 'green', 'earth', 'is', 'going', 'on', 'with', 'this', 'hype', 'and', 'what', 'not']",Newbalance
61,"['didn', 't', 'hit', 'the', 'jfg', 's', 'but', 'these', 'will', 'do']",Newbalance
62,"['newbie', 'question', 'about', 'nb', 'model', 'numbering', 'scheme']",Newbalance
63,"['ton', 'of', '993s', 'for', 'cheap', 'on', 'ebay', 'sketchy']",Newbalance
64,"['some', 'clearer', 'photos']",Newbalance
65,"['new', 'pickup', 'auralee', 'x', 'new', 'balance', '550']",Newbalance
66,"['sorry', 'my', 'idea', 'was', 'stupid', 'here', 's', 'some', 'new', 'shoes']",Newbalance
67,"['was', 'able', 'to', 'cop', 'just', 'now', 'thanks', 'to', 'reddit', 'maybe', 'canceled', 'orders']",Newbalance
68,"['my', 'dream', 'is', 'to', 'end', 'the', 'resell', 'game', 'at', 'least', 'for', 'us', 'nb', 'community']",Newbalance
69,"['what', 'model', 'are', 'these', 'i', 'can', 't', 'find', 'em', 'anywhere']",Newbalance
70,"['my', 'small', 'collection']",Newbalance
71,"['anyone', 'have', 'a', 'lead', 'on', 'a', 'size', '8', '9', 'bodega', 'mass', 'transit', '998']",Newbalance
72,"['there', 's', 'still', 'hope', 'guys', 'just', 'copped', 'a', 'minute', 'ago', 'got', 'the', 'blue', 'yesterday', 'as', 'well']",Newbalance
73,"['just', 'copped', 'the', 'grey', 'levi', 'pair', 'a', 'minute', 'ago']",Newbalance
74,"['saw', 'this', 'on', 'instagram']",Newbalance
75,"['dark', 'ales', 'today']",Newbalance
76,"['didn', 't', 'manage', 'to', 'cop', 'today', 'but', 'these', 'were', 'at', 'my', 'door']",Newbalance
77,"['f', 'you', 'new', 'balance']",Newbalance
78,"['bullsh', 't']",Newbalance
79,"['jfg', '990v3', 'the', 'sophomore', 'album']",Newbalance
80,"['checking', 'in']",Newbalance
81,"['993', 'standard', 'width', 'compared', 'to', '990v5']",Newbalance
82,"['which', 'countries', 'pay', 'the', 'most', 'for', 'new', 'balance', '574s']",Newbalance
83,['stunning'],Newbalance
84,"['on', 'feet', 'new', 'balance', '2002r', 'rain', 'cloud']",Newbalance
85,[],Newbalance
86,"['990v2', 'v3', 'dilemma']",Newbalance
87,"['i', 'created', 'a', 'short', 'film', 'on', 'the', 'new', 'balance', '1500', 's', 'what', 'do', 'you', 'guys', 'think']",Newbalance
88,"['number', '2000', 'in', 'line', 'eeeeeels']",Newbalance
89,"['anyone', 'hit', 'on', 'those', 'recent', 'j', 'crew', 'nb2002r', 'new', 'and', 'exclusive', 'colorways']",Newbalance
90,"['hey', 'nb', 'fuck', 'you']",Newbalance
91,"['joefreshgoods', '990v3', 'release', 'thread', '9', '10', '21']",Newbalance
92,"['lpu', 'no', '2', '574', 'tokyo', 'design', 'not', 'for', 'everyone', 'but', 'the', 'quality', 'is', 'top', 'notch']",Newbalance
93,"['first', 'ever', 'pickup', '990v2', 'wtaps']",Newbalance
94,"['first', 'pair', 'wtaps', '990v3']",Newbalance
95,"['few', 'recent', 'wears']",Newbalance
96,"['xc', '72']",Newbalance
97,"['to', 'those', 'of', 'you', 'with', 'the', 'auralee', '550s', 'does', 'your', 'pair', 'have', 'lumpy', 'looking', 'toe', 'boxes', 'not', 'sure', 'if', 'it', 's', 'just', 'me', 'or', 'not']",Newbalance
98,"['is', 'hbx', 'legit']",Newbalance
99,"['kith', '990v3', 'tornado', 'thanks', 'to', 'a', 'kind', 'redditor', 'these']",Newbalance
0,"['kith', 'la', 'tornado', '990v3']",Newbalance
1,"['hitting', 'jfg', 'draw', 'on', 'end', 'w', 'or', 'l']",Newbalance
2,"['figured', 'i', 'd', 'take', 'a', 'picture', 'of', 'my', 'collection', 'never', 'did', 'it', 'before', 'and', 'was', 'retired', 'from', 'the', 'game', 'for', 'a', 'while']",Newbalance
3,"['why', 'do', 'you', 'like', 'new', 'balance']",Newbalance
4,"['mail', 'day']",Newbalance
5,"['thick', 'laces', 'miusa']",Newbalance
6,"['black', '990v2', 'and', 'others', 'restocked', 'at', 'asphalt']",Newbalance
7,"['a', 'consolation', 'price', 'came', 'in', 'the', 'mail', 'today']",Newbalance
8,"['i', 'm', 'hearing', 'there', 's', 'more', 'stock', 'for', 'jfg', 'is', 'that', 'true']",Newbalance
9,"['buy', 'one', 'get', 'one', '50', 'off', 'select', 'men', 's', 'apparel', 'at', 'joesnewbalanceoutlet', 'com', 'offer', 'valid', '9', '9', '9', '20']",Newbalance
10,"['shop', 'recently', 'reduced', 'styles', 'at', 'newbalance', 'com']",Newbalance
11,"['looking', 'for', '990v3', 'kith', 'tornado', 'and', 'or', 'genesis', 'in', 'size', '8']",Newbalance
12,"['lpu', '1500', '9', 'summer', 'nine', 'oldie', 'but', 'a', 'goodie', 'which', 'laces', 'though']",Newbalance
13,"['they', 'will', 'be', 'restocking', 'those', 'bot', 'orders', 'don', 't', 'give', 'up']",Newbalance
14,"['retro', 'dad', 'runners']",Newbalance
15,"['8', '5', 'levi', 's', 'still', 'available', 'on', 'the', 'levi', 'app']",Newbalance
16,"['took', 'my', 'first', 'trip', 'to', 'a', 'nb', 'flagship', 'store', 'after', 'holding', 'both', 'in', 'hand', 'it', 'had', 'to', 'be', 'both']",Newbalance
17,"['latest', 'pickup', 'levi', 's', '990v3']",Newbalance
18,"['stoked', 'for', 'these', 'to', 'come', 'in']",Newbalance
19,"['if', 'anyone', 'is', 'still', 'waiting', 'in', 'queue', 'leave', 'they', 're', 'out', 'of', 'stock']",Newbalance
20,"['sold', 'out']",Newbalance
21,"['i', 'think', 'new', 'balance', 'levis', 'will', 'have', '30k', 'pair']",Newbalance
22,"['levi', 's', '990v3', 'release', 'thread', '9', '9', '2021']",Newbalance
23,"['dusty', 'pink', '998', 'vs', '990v2']",Newbalance
24,"['can', 'anybody', 'help', 'me', 'grab', 'a', 'pair', 'of', '990v3', 'tornadoes', 'in', 'size', '9', 'from', 'kith', 'somebody', 'on', 'reddit', 'had', 'texted', 'me', 'that', 'he', 'picked', 'up', 'my', 'size', 'but', 'then', 'he', 'ghosted']",Newbalance
25,"['anyone', 'know', 'what', 'shoe', 'this', 'is']",Newbalance
26,"['taking', 'an', 'l', 'on', 'the', 'levis', '990v3', 's']",Newbalance
27,"['new', 'balance', '990v3', 'in', 'made', '990', 'version', 'series']",Newbalance
28,"['new', 'balance', '990v3', 'in', 'made', '990', 'version', 'series']",Newbalance
29,"['mail', 'call', '574', 's']",Newbalance
30,"['greg', '992', 'uk', 'europe']",Newbalance
31,"['what', 'are', 'some', 'good', 'jeans', 'to', 'pair', 'with', '990', 's', 'just', 'curious', 'what', 'everyone', 'prefers']",Newbalance
32,"['anybody', 'interested', 'in', 'a', 'pair', 'of', 'dead', 'stock', 'gray', '990v5']",Newbalance
33,"['gonna', 'try', 'to', 'go', 'for', 'the', 'levi', 'collabs', 'tmr', 'any', 'tips', 'on', 'how', 'to', 'get', 'into', 'a', 'queue', 'quick']",Newbalance
34,"['the', 'reddit', 'hookup', 'dude', 'is', 'doing', 'the', 'lord', 's', 'work']",Newbalance
35,"['are', 'these', 'an', 'existing', 'model', 'colourway', 'or', 'a', 'teaser', 'for', 'an', 'upcoming', 'nb']",Newbalance
36,"['mail', 'alert', 'this', 'pair', 'is', 'nice', 'in', 'hand', 'sheesh']",Newbalance
37,['m991gyb'],Newbalance
38,"['nice', 'new', '2002r', 'cws', 'at', 'j', 'crew', 'pre', 'order']",Newbalance
39,"['experience', 'with', 'hibbet']",Newbalance
40,"['990v3', 'sizing', 'vs', 'v5']",Newbalance
41,"['why', 'do', 'new', 'balance', 'shoes', 'stop', 'at', 'size', 'uk', '12', '5']",Newbalance
42,"['992', 'grey', 'in', 'stock', 'on', 'eastbay']",Newbalance
43,"['current', 'collection']",Newbalance
44,"['what', 'are', 'these', 'called', 'and', 'where', 'can', 'i', 'buy', 'them']",Newbalance
45,['alife'],Newbalance
46,"['tip', 'for', 'buying', 'miu', 'and', 'mie']",Newbalance
47,"['m990ry', 'v4', 'cameo', 'because', 'my', 'dad', 'came', 'by', 'with', 'some', 'heaters', 'on']",Newbalance
48,"['are', 'these', 'unreleased', 'nb', 's', 'worn', 'by', 'action', 'bronson', 'for', 'aime', 'leon', 'dore', 'f', 'w', '2021', 'campaign']",Newbalance
49,"['bodegas', 'finally', 'arrived', 'top', 'notch', 'quality']",Newbalance
50,"['just', 'ordered', 'a', 'pair', 'and', 'was', 'wondering', 'where', 'they', 'ship', 'from', 'in', 'the', 'eu', 'as', 'i', 'don', 't', 'want', 'to', 'pay', 'import', 'fees', 'if', 'it', 's', 'coming', 'from', 'the', 'uk']",Newbalance
51,['990v4'],Newbalance
52,"['these', 'are', 'currently', 'on', 'hibbet', 'if', 'your', 'curious']",Newbalance
53,"['these', 'are', 'currently', 'on', 'hibbet', 'if', 'your', 'curious', 'sizes', '8', '13', 'https', 'www', 'hibbett', 'com', 'new', 'balance', '990', 'black', 'blue', 'mens', 'shoe', '4p431', 'html', 'dwvar_4p431_color', '0011', 'q', '990', 'amp', 'lang', 'default', 'amp', 'start', '1']",Newbalance
54,"['reddit', 'user', 'hook', 'up']",Newbalance
55,"['reddit', 'user', 'hook', 'up']",Newbalance
56,"['where', 'to', 'buy', 'pro', 'court', 'cup']",Newbalance
57,"['these', 'cleaned', 'up', 'nicely', 'my', 'first', 'time', 'buying', 'a', 'pair', 'secondhand', '991nkr']",Newbalance
58,"['what', 's', 'your', 'grail', 'new', 'balance']",Newbalance
59,"['gray', 'day', 'matching', 'w', 'the', 'carpet']",Newbalance
60,"['they', 'came', 'in', 'today', 'sheesh']",Newbalance
61,"['squeaky', 'sole', '2002r']",Newbalance
62,"['current', 'rotation']",Newbalance
63,"['m992lt', 'these', 'are', 'so', 'much', 'better', 'in', 'person', 'than', 'i', 'expected']",Newbalance
64,"['1080v11', 'owners', 'quick', 'question', 'any', 'problems', 'with', 'the', 'elastic', 'holding', 'the', 'tongue', 'in', 'place']",Newbalance
65,"['m2002rdc', 'now', 'if', 'i', 'can', 'find', 'the', 'rain', 'cloud', 'version', 'for', 'a', 'decent', 'price']",Newbalance
66,"['how', 'do', 'i', 'stop', 'the', 'tongue', 'from', 'always', 'sliding', 'to', 'the', 'side']",Newbalance
67,"['need', 'help', 'for', '550', 'sizing']",Newbalance
68,"['fyi', 'saks', 'fifth', 'has', 'some', 'new', 'new', 'balance', 'styles', 'on', 'the', 'site', 'for', 'pre', 'order', 'just', 'pre', 'ordered', 'the', 'grey', '990v3', 's']",Newbalance
69,"['when', 'your', 'in', 'the', 'elevator', 'and', 'have', 'to', 'take', 'a', 'quick', 'pic', 'because', 'the', 'floor', 'matches', 'the', 'shoe']",Newbalance
70,"['dream', 'shoe', '997', '5', 'v2', '998', 'upper', 'with', 'the', 'chunky', '997', 'midsole']",Newbalance
71,"['can', 'anyone', 'id', 'these', 'taken', 'from', 'lil', 'uzi', 'insta']",Newbalance
72,"['what', 'do', 'you', 'do', 'when', 'a', 'model', 'you', 'want', 'is', 'impossible', 'to', 'find', 'for', 'sale']",Newbalance
73,"['992', 'vs', '990v5', 'sizing']",Newbalance
74,"['question', 'about', 'unisex', 'sizing']",Newbalance
75,"['990v5', 'firm', 'on', 'heel']",Newbalance
76,"['swapped', 'some', 'cream', 'laces', 'into', 'the', 'madness', '992s']",Newbalance
77,"['enjoying', 'the', 'day']",Newbalance
78,"['j', 'crew', '998s', 'and', 'miusa', '574s', 'happy', 'labor', 'day']",Newbalance
79,"['better', 'days', 'ahead']",Newbalance
80,"['picked', 'these', 'up', 'the', 'other', 'day', 'very', 'satisfied', 'with', 'them']",Newbalance
81,"['salehe', 'bembbury', 's', 'newest', 'nb', 'shoe', 'the', 'yurt']",Newbalance
82,"['what', 'is', 'this', 'color', 'way']",Newbalance
83,"['finally', 'got', 'my', 'grey', '991', 'in', 'definitely', 'half', 'size', 'up', 'if', 'you', 're', 'looking', 'to', 'get', 'a', 'pair', 'got', 'mine', 'in', 'true', 'size', 'and', 'they', 're', 'killing', 'my', 'feet']",Newbalance
84,"['looking', 'for', 'kith', 'tornado', '990v3', 'size', '11', 'us', 'any', 'help', 'is', 'appreciated']",Newbalance
85,"['thanks', 'to', 'everyone', 'who', 'responded', 'yesterday', 'was', 'fun', 'to', 'connect', 'with', 'some', 'of', 'you', 'i', 'm', 'new', 'to', 'reddit', 'but', 'you', 'may', 'know', 'me', 'as', 'gassoles', 'in', 'the', 'instagram', 'world', 'if', 'you', 'guys', 'like', 'podcasts', 'i', 'co', 'host', 'the', 'intelligent', 'choice', 'podcast', 'an', 'nb', 'based', 'podcast', 'on', 'spotify', 'please', 'check', 'us', 'out']",Newbalance
86,"['does', 'anyone', 'know', 'what', 'model', 'this', 'is']",Newbalance
87,"['he', 'loves', 'hanging', 'in', 'the', 'stacks']",Newbalance
88,"['608v5', 'vs', '909v5']",Newbalance
89,"['603v5', 'vs', '909v5']",Newbalance
90,"['the', 'wall', 'of', 'glory']",Newbalance
91,"['first', 'post', 'on', 'here', 'my', 'first', 'pair', 'of', '991', 'as', 'a', 'wide', 'footer', 'i', 'think', 'i', 'prefer', 'the', '990', 'when', 'on', 'foot', 'in', 'terms', 'of', 'aesthetic', 'of', 'how', 'it', 'wears', 'but', 'cushion', 'set', 'up', 'wise', 'these', 'are', 'more', 'comfy', 'and', 'if', 'possible', 'post', 'up', 'of', 'some', 'fits', 'with', 'the', '991']",Newbalance
92,"['nb', 'x', 'slowtide', 'am584s', 'incredible', 'quality', 'and', 'a', 'really', 'great', 'looking', 'shoe']",Newbalance
93,"['any', 'idea', 'where', 'i', 'can', 'get', 'these', 'ml574or']",Newbalance
94,"['still', 'on', 'the', 'hunt', 'for', 'more', 'pairs']",Newbalance
95,"['997', 'homeplates']",Newbalance
96,"['my', 'nb', 'wheel']",Newbalance
97,"['my', 'newest', 'grail', 'going', 'straight', 'to', 'feet']",Newbalance
98,"['574s', 'threw', 'on', 'black', 'laces', 'white', 'laces', 'or', 'a', 'different', 'color', 'lace', 'what', 'do', 'you', 'guys', 'think']",Newbalance
99,"['current', 'rotation', 'thank', 'you', 'to', 'a', 'fellow', 'redditor', 'who', 'sent', 'over', 'the', '990v3', 'tornadoes', 'to', 'canada']",Newbalance
0,"['has', 'anyone', 's', '880', 'running', 'shoes', 'ever', 'done', 'this', 'insole', 'curled', 'in', 'during', 'mile', '10', 'of', 'my', 'last', '2', 'marathon', 'training', 'long', 'runs']",Newbalance
1,"['not', 'gate', 'keeping', 'or', 'hating', 'i', 'm', 'generally', 'interested', 'in', 'the', 'growth', 'of', 'nb', 'how', 'many', 'of', 'you', 'were', 'rocking', 'the', 'brand', 'prior', 'to', '2019']",Newbalance
2,"['do', '550', 'and', '850', 'fit', 'the', 'same']",Newbalance
3,"['does', 'the', 'nb', 'website', 'not', 'sell', 'any', 'grey', '993', 'men', 's', 'below', 'size', '11']",Newbalance
4,['fit'],Newbalance
5,"['does', 'anyone', 'know', 'what', 'shoes', 'these', 'are']",Newbalance
6,['574s'],Newbalance
7,"['how', 'easy', 'hard', 'is', 'it', 'to', 'manual', 'hit', 'on', 'a', 'new', 'balance', 'colab', 'release']",Newbalance
8,"['haven', 't', 'worn', 'these', '990s', 'in', 'a', 'while', 'time', 'to', 'bring', 'em', 'out']",Newbalance
9,"['a', 'quick', 'trip', 'to', 'the', 'mall', 'and', 'saw', 'these', '40', 'off', 'had', 'to', 'get', 'them']",Newbalance
10,"['does', 'anybody', 'know', 'what', 'the', 'textile', 'mesh', 'found', 'on', '574', 'sneakers', 'is', 'made', 'from']",Newbalance
11,"['993', '2e', 'online', 'restock', 'nyc', 'availability']",Newbalance
12,"['is', 'there', 'any', 'way', 'to', 'buy', 'shoes', 'from', 'another', 'country', 's', 'nb', 'site']",Newbalance
13,"['992', 'sizing']",Newbalance
14,"['any', 'expectation', 'the', 'new', 'balance', 'website', 'will', 'restock', 'the', 'grey', '992s']",Newbalance
15,"['670orc', 'this', 'is', 'one', 'the', 'greatest', 'shows', 'i', 've', 'ever', 'held', 'in', 'my', 'hand', 'quality', 'is', 'off', 'the', 'chain', 'on', 'these']",Newbalance
16,"['nimbus', '992']",Newbalance
17,"['ready', 'to', 'be', 'outside', 'for', 'this', 'long', 'weekend']",Newbalance
18,"['recent', 'additions', 'to', 'the', 'rotation']",Newbalance
19,"['w2c', 'anyone', 'know', 'what', 'model', 'this', 'is', 'straight', 'fire']",Newbalance
20,"['scored', 'all', '3']",Newbalance
21,"['990v5', 'size', 'fitment', 'problems']",Newbalance
22,"['my', '45', 'day', 'collection', 'and', 'i', 'm', 'done', 'i', 'think']",Newbalance
23,"['it', 's', 'now', 'your', 'time', 'son']",Newbalance
24,"['what', 'model', 'is', 'this']",Newbalance
25,"['992', 'on', 'nb', 'website', 'link', 'in', 'comments']",Newbalance
26,"['todd', 'snyder', 'farmer', 's', 'market', '327']",Newbalance
27,"['did', 'anyone', 'cop', 'these']",Newbalance
28,"['free', 'shipping', 'on', 'all', 'orders', 'for', 'nb', 'rewards', 'members', 'at', 'newbalance', 'com']",Newbalance
29,"['didnt', 'get', 'wtaps', 'but', 'this', 'will', 'do']",Newbalance
30,"['lace', 'swap', 'i', 'm', 'trying', 'out', 'on', 'my', 'valentine', 's', 'day', '5740']",Newbalance
31,"['added', 'blue', 'laces', 'to', 'my', '574s']",Newbalance
32,"['for', 'those', 'interested', 'in', 'the', 'bodega', '997s', 'collection']",Newbalance
33,"['closest', 'i', 've', 'ever', 'been', 'anyone', 'get', 'lucky']",Newbalance
34,"['had', 'to', 'make', 'sure', 'the', 'wifey', 'was', 'laced']",Newbalance
35,"['my', 'original', 'top', '574', 'picks', 'are', 'out', 'of', 'stock', 'in', 'my', 'size', 'i', 'found', 'some', 'other', 'decent', 'looking', 'ones', 'in', 'my', 'opinion', 'what', 'is', 'your', 'guys', 'favorite', 'i', 'tend', 'to', 'wear', 'more', 'darker', 'clothing']",Newbalance
36,"['my', 'parents', 'live', 'near', 'flimby', 'so', 'took', 'them', 'to', 'the', 'factory', 'shop', 'didn', 't', 'even', 'have', 'to', 'convince', 'them', 'both', 'to', 'get', 'a', 'pair', 'actually', 'my', 'mum', 'got', 'two']",Newbalance
37,"['any', 'ideas', 'on', 'which', 'nb', 'shoe', 'this', 'is', 'exactly']",Newbalance
38,"['ultra', 'rare', 'nb', '89one', 'one', 'of', 'the', 'crown', 'jewels', 'of', 'my', 'collection']",Newbalance
39,"['these', 'are', 'loud', 'af', 'thoughts']",Newbalance
40,"['been', 'tracking', 'these', 'for', 'a', 'while', 'amp', 'out', 'of', 'the', 'blue', 'i', 'get', 'an', 'alert', 'on', 'them', 'they', 'were', 'released', 'at', 'the', 'concepts', 'pop', 'up', 'back', 'in', '2018', 'alongside', 'of', 'the', 'mallard', 'goldeneye', 'pair', 'somebody', 'threw', 'up', 'a', 'full', 'size', 'run', 'between', 'goat', 'amp', 'stockx', 'so', 'if', 'you', 'want', 'them', 'grab', 'them', 'while', 'you', 'can']",Newbalance
41,"['looking', 'for', 'some', 'new', 'walking', 'shoes', 'trying', 'to', 'decide', 'between', 'the', '990v5', 'and', 'the', '993']",Newbalance
42,"['made', 'in', 'us', '999', 'sizing', 'hyannis', 'specific']",Newbalance
43,"['i', 'didn', 't', 'have', 'a', '574', 'in', 'my', 'collection', 'so', 'i', 'decided', 'to', 'buy', 'this', 'one', 'on', 'sale', 'comfortable', 'and', 'looks', 'very', 'clean', 'in', 'jeans']",Newbalance
44,"['550', 'new', 'balance', 'shoes']",Newbalance
45,"['these', 'casablanca', 'xc', '72s', 'are', 'wavy']",Newbalance
46,"['990v2', 'these', 'are', 'nice']",Newbalance
47,"['the', 'era', 'of', 'my', '990v3']",Newbalance
48,"['help', 'with', 'sizing', 'on', 'a', '998']",Newbalance
49,"['fitting', 'on', 'shoes']",Newbalance
50,"['57', '40', 'protection', 'pack']",Newbalance
51,"['looks', 'like', 'joshua', 'vides', 'did', 'a', '57', '40']",Newbalance
52,"['can', 'anyone', 'help', 'a', 'u', 'k', 'nb', 'collector', 'to', 'source', 'a', 'pair', 'of', '993', 's']",Newbalance
53,"['nb', 'x', 'wtaps', '990s']",Newbalance
54,"['just', 'noticed', 'this', 'on', 'the', 'bodega', 'website', 'pretty', 'cool']",Newbalance
55,"['levi', 's', 'new', 'balance', '990v3', 'release', 'date']",Newbalance
56,"['i', 'run', 'in', '840v4', 'and', 'reorder', 'them', 'as', 'needed', 'for', 'the', 'first', 'time', 'a', 'pair', 'came', 'laced', 'like', 'this', 'with', 'a', 'new', 'lace', 'style', 'i', 'can', 'switch', 'to', 'the', 'normal', 'laces', 'that', 'are', 'included', 'but', 'am', 'trying', 'to', 'figure', 'out', 'if', 'there', 'is', 'a', 'right', 'way', 'to', 'tie', 'tighten', 'these', 'as', 'laced', 'my', 'run', 'lengths', 'vary', 'between', '6', '13', 'miles']",Newbalance
57,"['990v2', 'stone', 'blue']",Newbalance
58,"['hiya', 'one', 'quick', 'question', 'is', 'this', 'textile', 'upper', 'material', 'easier', 'to', 'get', 'dirty', 'thanks']",Newbalance
59,"['anyone', 'got', 'size', '11', '5', 'or', '12', 'for', 'sale']",Newbalance
60,"['hi', 'where', 'can', 'i', 'get', 'cheap', '990v5', 'in', 'nyc']",Newbalance
61,"['990v2', 'blue', 'black']",Newbalance
62,"['general', 'sizing', 'question']",Newbalance
63,"['550', 'sizing', 'help']",Newbalance
64,"['anyone', 'know', 'what', 'shoe', 'this', 'is']",Newbalance
65,"['woof', 'these', 'look', 'good', 'in', 'hand']",Newbalance
66,"['shipping', 'issue']",Newbalance
67,"['bb550ar', 'straight', 'to', 'feet']",Newbalance
68,"['rainy', 'day', 'fit', 'with', 'the', 'v5', 's']",Newbalance
69,"['general', 'sizing', 'question']",Newbalance
70,"['current', 'collection', 'nothing', 'crazy', 'but', 'all', 'pairs', 'that', 'i', 'love']",Newbalance
71,"['another', '990v5', 'colorway', 'sb5', 'one', 'of', 'six', 'in', 'the', 'growing', 'collection']",Newbalance
72,[],Newbalance
73,"['why', 'didn', 't', 'i', 'try', 'them', 'before']",Newbalance
74,"['for', 'anyone', 'who', 'missed', 'out', 'they', 'have', 'both', 'colors', 'in', 'stock', 'nb', 'x', 'casablanca', 'xc72']",Newbalance
75,['nb'],Newbalance
76,"['girlfriend', 'and', 'i']",Newbalance
77,"['can', 'anyone', 'id', 'these', 'for', 'me']",Newbalance
78,"['trying', 'to', 'find', 'these']",Newbalance
79,"['headed', 'home']",Newbalance
80,"['i', 'm', 'rolling', 'with', 'these', 'head', 'turners', 'today', 'top', '5', 'nb', 'release', 'for', 'me', 'this', 'year']",Newbalance
81,"['does', 'anybody', 'know', 'what', 'model', 'they', 'are']",Newbalance
82,"['what', 'are', 'the', 'most', 'comfortable', 'new', 'balances', 'that', 'are', 'not', 'sold', 'out']",Newbalance
83,"['xc72', 'grey', 'black', 'on', 'feet', 'video']",Newbalance
84,"['m990cp2', 'on', 'extra', 'butter']",Newbalance
85,"['nb', '990v2', 'red', 'tag', 'hurry']",Newbalance
86,"['990v2', 'hurry']",Newbalance
87,"['pick', 'one']",Newbalance
88,"['bodega', 'themed', 'socks']",Newbalance
89,"['even', 'kittens', 'love', 'the', 'new', 'balance']",Newbalance
90,"['even', 'kittens', 'fuck', 'with', 'new', 'balance']",Newbalance
91,"['997s', 'fusion', 'in', 'pink', 'grey']",Newbalance
92,"['casablanca', 'x', 'new', 'balance', 'edition', 'xc', '72']",Newbalance
93,"['990v5', 'vs', '990v6']",Newbalance
94,"['jjjjound', '990v4']",Newbalance
95,"['jjjjound', '990v5']",Newbalance
96,"['can', 't', 'buy', 'nb990v5', 'in', 'india']",Newbalance
97,"['nb', 'x', 'basement', '2002r', 'nb', 'x', 'alpha', 'industries', '574']",Newbalance
98,"['i', 'love', 'the', 'details', 'on', 'these', 'soooo', 'much', 'really', 'fell', 'in', 'love', 'with', 'my', 'lpu']",Newbalance
99,"['jjjjound', '990v4']",Newbalance
0,"['jjjjound', 'x', 'new', 'balance', '990v4s', 'for', 'f', 'w2021']",Newbalance
1,"['really', 'glad', 'i', 'grabbed', 'these']",Newbalance
2,"['most', 'worn', 'shoes', 'summer', '21', 'according', 'to', 'the', 'nb', 'community', 'on', 'instagram']",Newbalance
3,"['grey', 'or', 'navy', '990v5']",Newbalance
4,"['shoe', 'id']",Newbalance
5,"['glad', 'i', 'was', 'able', 'to', 'grab', 'one', 'of', 'the', 'todd', 'snyder', 's', 'they', 're', '150', 'online', 'but', 'strangely', 'they', 'were', 'only', '100', 'in', 'the', 'nb', 'store']",Newbalance
6,"['ebay', 's', 'authenticity', 'guarantee']",Newbalance
7,['xc72'],Newbalance
8,"['xc72', 'grey', 'black']",Newbalance
9,"['new', 'display', 'boxes', 'for', 'my', 'nb', 's']",Newbalance
10,"['mt10', 's', 'still', 'available', 'in', 'canada']",Newbalance
11,"['anyone', 'know', 'of', 'any', 'new', 'balance', 'discord', 's']",Newbalance
12,"['size', '550', 'got', 'lucky', 'on', 'they', 'online', 'raffle']",Newbalance
13,"['elephant', 'skin', 'rc', '1300']",Newbalance
14,"['thoughts', 'on', 'these', 'upcoming', 'pair']",Newbalance
15,"['grail', 'achievement']",Newbalance
16,"['looking', 'at', 'buying', 'these', 'used', 'but', 'wondering', 'whats', 'up', 'with', 'the', 'box']",Newbalance
17,"['can', 't', 'wait', 'until', 'fall', 'season']",Newbalance
18,"['perhaps', 'my', 'favorite', 'pair', 'to', 'wear', 'at', 'work', 'compliments', 'galore', 'at', 'the', 'hospital']",Newbalance
19,"['looking', 'for', '10', '5', 'margiela', 'reebok', 'classic', 'leather', 'tabi']",Newbalance
20,"['550', 'sizing']",Newbalance
21,"['fully', 'protected']",Newbalance
22,"['don', 't', 'sleep', 'on', 'all', 'terrain', 'the', 'made', 'in', 'usa', 'mt812at']",Newbalance
23,"['just', 'copped', 'a', 'pair', 'yesterday', 'nb', '2002r']",Newbalance
24,"['quality', 'control', 'sole', 'help']",Newbalance
25,"['prehistoric', '993', 'fossils']",Newbalance
26,"['990v3', 's', 'and', 'mostly', '992', 's']",Newbalance
27,"['lazy', 'sunday']",Newbalance
28,"['what', 'do', 'y', 'all', 'think', 'of', 'these', 'ones']",Newbalance
29,"['personal', 'grail', 'acquired', '1500', 'robin', 'hood']",Newbalance
30,"['when', 'does', 'new', 'balance', 'restock', 'there', 'online', 'store']",Newbalance
31,"['575sp', 'today', 'this', 'shoe', 'deserves', 'to', 'be', 'in', 'a', 'museum']",Newbalance
32,"['990v5', 'i', 'caught', 'on', 'sale']",Newbalance
33,"['just', 'got', 'these', 'new', '990', 'v5s', 'is', 'it', 'normal', 'for', 'the', 'inner', 'flap', 'to', 'look', 'like', 'this', 'or', 'is', 'it', 'ripped', 'and', 'a', 'faulty', 'pair']",Newbalance
34,"['got', 'these', 'last', 'week']",Newbalance
35,"['new', 'balance', 'x', 'bandier']",Newbalance
36,"['first', 'new', 'balance', 'cop', 'what', 'do', 'you', 'guys', 'think']",Newbalance
37,"['cleaned', 'them', 'up', 'what', 'do', 'you', 'think', 'there', 'is', 'a', 'sneaker', 'cleaner', 'sponge', 'at', 'the', 'dollar', 'tree']",Newbalance
38,"['these', 'are', 'too', 'clean', 'nb', 'x', 'jcrew', '997h']",Newbalance
39,"['concepts', 'trailbuster', 're', 'engineered']",Newbalance
40,"['the', 'upcoming', 'v3', 'reissues']",Newbalance
41,"['nb1', 'custom', 'shoes', 'return', 'date']",Newbalance
42,['577'],Newbalance
43,"['does', 'these', 'look', 'fake', 'to', 'y', 'all', 'the', 'size', 'tag', 'is', 'pulling', 'me', 'off', 'can', 'anyone', 'please', 'help', 'me', 'out', 'clearing', 'my', 'doubts']",Newbalance
44,"['love', 'this', 'model', 'oh', 'yea', 'i', 'dyed', 'my', 'sea', 'salts']",Newbalance
45,"['todd', 'snyder', 'or', 'ronnie', 'feig']",Newbalance
46,"['why', 'do', 'nb', 'stores', 'have', 'such', 'bad', 'stock']",Newbalance
47,['990v3'],Newbalance
48,"['are', 'there', 'fakes', 'of', 'the', 'new', 'balance', 'x', 'aime', 'leon', 'dore', '997', 'canary', 'yellow', 'i', 'should', 'watch', 'out', 'about']",Newbalance
49,"['new', 'balance', 'equivalent', 'of', 'nike', 'pegasus']",Newbalance
50,"['fall', 'vibes']",Newbalance
51,"['new', 'balance', 'x', 'wtaps']",Newbalance
52,"['990v5', 'sizing']",Newbalance
53,"['anyone', 'have', 'the', '990', 'v5', 'in', 'navy']",Newbalance
54,"['noob', 'alert', 'why', 'are', 'these', 'cheaper', 'through', '3rd', 'party', 'companies', 'doing', 'the', 'raffles', 'new', 'balance', 'website', 'is', '30', 'more']",Newbalance
55,"['i', 'want', 'to', 'like', 'these', 'so', 'much', 'but', 'the', 'black', 'kinda', 'throws', 'it', 'off', 'for', 'me', 'anyone', 'else']",Newbalance
56,"['new', 'balance', '992', 'grey', 'm992gr', 'unboxing', 'amp', 'on', 'feet']",Newbalance
57,"['broke', 'these', 'out', 'for', 'the', 'countryside']",Newbalance
58,"['are', 'these', 'm996', 'beaters', 'that', 'i', 'bought', 'authentic', 'or', 'fake', 'new', 'to', 'new', 'balances', 'so', 'i', 'm', 'unsure']",Newbalance
59,"['need', 'help']",Newbalance
60,"['had', 'these', 'for', 'a', 'couple', 'weeks', 'forgot', 'to', 'post']",Newbalance
61,"['only', '2', 'pairs', 'of', 'nb', 's', 'so', 'far', '574', 'and', '1300', 'waiting', 'on', 'an', 'unreleased', 'pair', 'of', '550', 's', 'to', 'come', 'out']",Newbalance
62,"['finally', 'glad', 'i', 'was', 'able', 'to', 'get', 'the', 'hookup', 'on', 'these']",Newbalance
63,"['interviewing', 'coco', 'gauff', 'for', 'her', 'new', 'collection', '327s', 'and', 'the', 'clothing', 'are']",Newbalance
64,"['few', 'recent', 'wears']",Newbalance
65,['officially'],Newbalance
66,"['my', '2', 'year', 'old', 'nephew', 'won', 't', 'let', 'my', 'brother', 'wear', 'the', '990v5s', 'i', 'gave', 'him']",Newbalance
67,"['omggggg', 'i', 'wanted', 'these', 'sooo', 'bad', 'but', 'had', 'no', 'luck', 'when', 'they', 'released', 'today', 'they', 'were', 'sitting', 'at', 'a', 'retailer', 'on', 'my', 'vacation', '1st', 'pair', 'of', 'nb', 'ever', 'and', 'i', 'absolutely', 'love', 'them']",Newbalance
68,"['i', 'need', 'to', 'clean', 'up', 'these', '850s']",Newbalance
69,"['another', 'nice', 'ebay', 'find', '100', 'winning', 'bid']",Newbalance
70,"['super', 'stoked', 'on', 'these', 'concepts', '5740']",Newbalance
71,"['can', 't', 'wait', 'for', 'the', 'v6', 'next', 'year']",Newbalance
72,"['id', 'help', 'please']",Newbalance
73,"['1500', 'gpt']",Newbalance
74,['1500gpt'],Newbalance
75,"['most', 'comfortable', 'day', 'to', 'day', 'wear', 'code']",Newbalance
76,"['my', 'current', 'weekly', 'rotation', 'favorite', 'rarities', 'at', 'the', 'moment']",Newbalance
77,"['casablanca', 'xc', '72', 'now', 'available']",Newbalance
78,"['can', 'someone', 'help', 'me', 'id', 'the', 'kicks']",Newbalance
79,"['can', 'someone', 'help', 'me', 'id', 'the', 'kicks']",Newbalance
80,"['can', 'someone', 'help', 'me', 'id', 'the', 'kicks']",Newbalance
81,"['family', 'pair', 'new', 'balance', '993']",Newbalance
82,"['bringing', 'the', 'heat', 'for', 'that', 'second', 'vaccination']",Newbalance
83,"['rare', 'new', 'balance', '761', 'on', 'feet']",Newbalance
84,"['slowly', 'becoming', 'attached', 'to', 'new', 'balance', 'for', 'a', '992', 'this', 'is', 'definitely', 'a', 'steal', 'i', 'guess', 'cause', 'of', 'the', 'color', 'way', 'more', 'for', 'me']",Newbalance
85,"['the', 'details', 'are', 'just']",Newbalance
86,"['just', 'grabbed', 'the', '237', 'wanted', 'to', 'take', 'a', 'family', 'photo']",Newbalance
87,"['do', '990', 'v5s', 'fit', 'the', 'same', 'as', 'the', 'v4s']",Newbalance
88,"['nb', '801', 's', 'all', 'terrain', 'bottom', 'of', 'the', 'soles', '1998']",Newbalance
89,"['tornado', '990v3']",Newbalance
90,"['trying', 'to', 'buy', 'my', 'mom', 'some', 'nice', 'lifestyle', 'running', 'shoes', 'any', 'recs']",Newbalance
91,"['hard', 'to', 'find', 'size', '12', '5', 'us']",Newbalance
92,"['malbon', 'x', 'nb', '997g', 'available', 'now']",Newbalance
93,"['grey', '992', 'legit', 'check', 'please']",Newbalance
94,"['grey', '992', 'legit', 'check', 'please']",Newbalance
95,"['pink', 'ribbon']",Newbalance
96,"['let', 's', 'hit', 'these', 'streets']",Newbalance
97,"['nb', '801', 's', 'all', 'terrain', 'bought', 'in', '1998', 'definitely', 'a', 'classic']",Newbalance
98,"['574', 'classic', 'you', 'probably', 'won', 't', 'find', 'this', 'colorway']",Newbalance
99,"['i', 've', 'got', 'a', 'fever', 'and', 'the', 'only', 'prescription', 'is', 'more', 'earth', 'tones']",Newbalance
0,"['sizing', 'for', 'xracer']",Newbalance
1,"['buying', 'bodega', 'from', 'stockx']",Newbalance
2,"['bodega', 'collab']",Newbalance
3,"['let', 'me', 'sit', 'this', 'kit', 'right', 'here']",Newbalance
4,"['new', 'balance', 'wide', 'shoes']",Newbalance
5,"['auralee', 'x', '550', 'ecru']",Newbalance
6,"['keeping', 'white', 'shoes', 'and', 'white', 'soles', 'white']",Newbalance
7,"['in', 'search', 'of', 'ald', '650s', 'size', '10', 'or', '9', '5']",Newbalance
8,"['anyone', 'knows', 'the', 'exact', 'model', 'or', 'is', 'it', 'the', 'next', 'aime', 'leon', 'dore', 'collab', 'and', 'still', 'hasn', 't', 'dropped']",Newbalance
9,"['wide', 'sizing', 'outside', 'at', 'other', 'stores']",Newbalance
10,"['first', 'pair', 'of', '992s', 'usually', 'rock', '990s', 'size', '14', 'they', 'fit', 'like', 'a', 'glove', 'so', 'i', 'got', 'these', 'in', 'a', '14', 'as', 'well', 'for', 'whatever', 'reason', 'they', 'are', 'super', 'snug', 'in', 'the', 'toe', 'box', 'and', 'seem', 'a', 'tad', 'narrow', 'in', 'width', 'd', 'but', 'they', 'are', 'stretching', 'out', 'so', 'they', 'should', 'be', 'good', 'thought', 'this', 'could', 'help', 'someone', 'else', 'as', 'far', 'as', 'fitting']",Newbalance
11,"['this', 'is', 'my', 'first', 'pair', 'usually', 'rock', '990s', 'size', '14', 'they', 'fit', 'like', 'a', 'glove', 'so', 'i', 'got', 'these', 'in', 'a', '14', 'as', 'well', 'for', 'whatever', 'reason', 'they', 'are', 'super', 'snug', 'in', 'the', 'toe', 'box', 'and', 'seek', 'a', 'tad', 'narrow', 'in', 'width', 'd', 'but', 'they', 'are', 'stretching', 'out', 'so', 'they', 'should', 'be', 'good', 'thought', 'this', 'could', 'help', 'someone', 'else', 'as', 'far', 'as', 'fitting']",Newbalance
12,"['id', 'on', 'these', 'do', 'we', 'know', 'if', 'they', 're', 'releasing', 'soon']",Newbalance
13,"['has', 'anyone', 'seen', 'these', 'before', 'release', 'info', 'at', 'all']",Newbalance
14,"['pretty', 'solid', 'for', 'an', '8', 'y', 'o', 'shoe', 'm990n']",Newbalance
15,"['grey', '992', 'restock', 'ycmc']",Newbalance
16,"['anyone', 'after', 'the', '2002r', 'protection', 'pack', 'sneakerboy', 'au', 'is', 'releasing', 'it', 'on', '4th', 'sep', 'they', 'ship', 'internationally']",Newbalance
17,"['new', 'balance', 'asics', 'wheel']",Newbalance
18,"['best', 'color', 'way', 'of', '990', 'v5s']",Newbalance
19,['996'],Newbalance
20,"['new', 'balance', '990v3', 'bodega', 'imo', 'best', 'nb', 'to', 'drop', 'this', 'year', 'i', 'had', 'to', 'double', 'up', 'for', 'retail', 'yes', 'please']",Newbalance
21,"['salehe', 'bembury', 'teases', 'another', 'new', 'balance', 'collab']",Newbalance
22,"['recommendations', 'for', 'something', 'similar', 'to', 'zante', 's', 'probably', 'v2', '3', 'doesn', 't', 'have', 'to', 'be', 'new', 'balance']",Newbalance
23,"['990s', 'found', 'at', 'the', 'thrift']",Newbalance
24,"['my', 'favourites', 'which', 'everyone', 'else', 'loves', 'to', 'hate', 'the', 'x', 'racer']",Newbalance
25,"['which', '990', 'do', 'you', 'think', 'is', 'better']",Newbalance
26,"['newest', 'pick', 'up', 'i', 'wanted', 'the', 'blue', 'pair', 'but', 'unfortunately', 'they', 'didn', 't', 'have', 'it', 'in', 'my', 'size']",Newbalance
27,"['nb', 'brown', 'is', 'my', 'favorite']",Newbalance
28,"['does', 'nb', 'fit', 'true', 'to', 'size', 'or', 'what']",Newbalance
29,"['2002r', 'and', '992']",Newbalance
30,"['anyone', 'miss', 'out', 'on', 'some', 'kith', 'releases', 'don', 't', 'pay', 'resale']",Newbalance
31,"['anyone', 'get', 'a', 'purchase', 'link', 'from', 'jfg', 'raffle', 'yet']",Newbalance
32,"['i', 'hate', 'new', 'balance', 'sizing']",Newbalance
33,"['what', 's', 'your', 'worst', 'nb', 'prediction', 'for', 'the', 'rest', 'of', 'the', 'year', 'mine', 'are', 'in', 'the', 'comments']",Newbalance
34,"['check', 'your', 'emails', 'from', 'concepts', 'early', 'access', 'going', 'out']",Newbalance
35,"['dtlr', 'x', 'new', 'balance', '992', 'varsity', 'releases', 'on', 'labor', 'day', 'weekend']",Newbalance
36,"['jfg', '990', 'v3']",Newbalance
37,"['sizing', '550']",Newbalance
38,"['ald', '993s', 'hoping', 'for', 'that', 'loyalty', 'access']",Newbalance
39,"['ald', '993']",Newbalance
40,"['990v2', 'kbm']",Newbalance
41,"['spidey', 'sense', 'color', 'way']",Newbalance
42,"['anyone', 'know', 'if', 'there', 'might', 'be', 'anymore', 'restocks', 'of', 'the', 'green', '550s']",Newbalance
43,"['new', 'balance', '998', 'x', 'racer', '574', '515', 'sz', '9', '5', '10', '5']",Newbalance
44,"['ald', '990v2']",Newbalance
45,"['blue', 'or', 'grey', 'laces']",Newbalance
46,"['wife', 'asked', 'why', 'i', 'have', '3', 'pairs', 'of', 'the', 'same', 'shoe', 'she', 'obviously', 'doesn', 't', 'understand']",Newbalance
47,"['japan', 's', 'made', 'in', 'the', 'usa', '1300']",Newbalance
48,"['japan', 's', 'made', 'in', 'the', 'usa', '1300']",Newbalance
49,"['990', 'series', 'vs', '1300']",Newbalance
50,"['ups', 'blessed', 'me', 'today']",Newbalance
51,"['new', 'balance', 'socks']",Newbalance
52,"['990', 'x', '991', 'hybrid', '990dkgn']",Newbalance
53,"['had', 'to', 'go', 'for', 'the', 'classics', 'grey', '992s']",Newbalance
54,"['shoe', 'size']",Newbalance
55,"['can', 'i', 'put', 'my', 'new', 'balance', '530s', 'in', 'the', 'washing', 'machine']",Newbalance
56,"['collection', 'pic', 'does', 'anyone', 'know', 'where', 'i', 'can', 'find', 'jjjjbound', '992s']",Newbalance
57,"['collection', 'pic', 'does', 'anyone', 'know', 'where', 'i', 'can', 'find', 'jjjbound', '992s']",Newbalance
58,"['newest', 'pickup']",Newbalance
59,"['favourite', 'new', 'sneaker', 'model']",Newbalance
60,"['just', 'got', 'these', 'in', 'the', 'mail', 'i', 'think', 'i', 'like', 'these', 'more', 'than', 'the', 'protection', 'pack']",Newbalance
61,"['just', 'got', 'these', 'in', 'the', 'mail', 'i', 'think', 'i', 'like', 'these', 'more', 'than', 'the', 'protection', 'pack']",Newbalance
62,"['breaking', 'up', 'the', 'focus', 'from', 'the', 'protection', 'pack', 'just', 'got', 'these', 'in', 'the', 'mail']",Newbalance
63,"['what', 'shoe', 'is', 'jack', 'wearing', 'here']",Newbalance
64,"['burn', 'rubber', 'the', 'miggy', '44', 'pairs', 'made', 'to', 'celebrate', 'miguel', 'cabrera', 's', '2012', 'season', 'i', 'thought', 'it', 'would', 'be', 'an', 'appropriate', 'post', 'to', 'celebrate', 'his', '500th', 'career', 'home', 'run']",Newbalance
65,"['my', 'most', 'worn', 'shoe', 'right', 'now', 'comfort', '10', '10']",Newbalance
66,"['990', 'version', '2']",Newbalance
67,"['had', 'to', 'wear', 'these', 'to', 'feel', 'better', 'about', 'striking', 'out', 'on', 'the', 'refined', 'future', 'pack']",Newbalance
68,"['ready', 'for', 'the', 'flannel', 'season']",Newbalance
69,"['ml2002rr', 'rain', 'cloud', 'on', 'sale', 'for', '87', 'other', 'nbs', 'on', 'sale', 'at', 'sns', 'as', 'well']",Newbalance
70,"['lil', 'collection', 'pic', 'looking', 'to', 'grab', 'a', 'few', 'more', 'pairs', 'before', 'the', 'year', 'is', 'over']",Newbalance
71,['990v4'],Newbalance
72,"['today', 's', 'kicks']",Newbalance
73,"['v3', 'for', 'a', 'quick', 'grocery', 'run']",Newbalance
74,"['neutral', 'shoes', 'with', 'decent', 'heel', 'toe', 'drop', 'for', 'orthotic', 'insoles']",Newbalance
75,"['todays', 'formal', 'wear']",Newbalance
76,"['801', 'stone', 'black', 'trail', 'runners', 'from', 'nb', 'japan']",Newbalance
77,"['new', 'pickup']",Newbalance
78,"['lc', '992', 'tan']",Newbalance
79,"['60', 'pick', 'up', 'seller', 'says', 'they', 'are', 'new', 'guess', 'we', 'will', 'see']",Newbalance
80,"['any', 'idea', 'which', 'model', 'this', 'is']",Newbalance
81,"['bday', 'kicks']",Newbalance
82,"['lpu', '2002r', 'protection', 'pack', 'phantom']",Newbalance
83,"['here', 's', 'a', 'rare', 'v3', 'i', 'found', '990hoc3']",Newbalance
84,"['kith', '850', 'brooklyn', 'bridge']",Newbalance
85,"['twinning', 'with', 'my', 'bud', 'today']",Newbalance
86,"['i', 'don', 't', 'get', 'the', '2002r', 'hype']",Newbalance
87,"['any', 'help', 'with', 'these', 'i', 'assume', 'they', 're', '574', 'but', 'i', 'can', 't', 'find', 'the', 'colours', 'online', 'anywhere']",Newbalance
88,"['whipped', 'out', 'the', 'black', '992s', 'to', 'twin', 'with', 'the', 'doggo', 'today']",Newbalance
89,"['both', 'very', 'different', 'both', 'beautiful']",Newbalance
90,"['got', 'lucky', 'with', 'the', 'sea', 'salt', 'pair', 'from', 'extra', 'butter']",Newbalance
91,"['got', 'these', 'for', 'my', 'birthday', 'today']",Newbalance
92,"['jesus', 'christ', 'these', 'are', 'clean']",Newbalance
93,"['what', 'nb', 'model', 'is', 'this']",Newbalance
94,"['how', 'do', '990v5', 'fit']",Newbalance
95,"['anyone', 'know', 'how', 'to', 'fix', 'this', 'yellowing', 'on', 'my', '993s']",Newbalance
96,"['which', 'models', 'would', 'you', 'guys', 'like', 'to', 'see', 'more', 'new', 'releases', 'of']",Newbalance
97,"['lpu', '992ca']",Newbalance
98,"['which', 'do', 'you', 'prefer']",Newbalance
99,"['brand', 'new', '327', 'missing', 'a', 'letter', 'i', 'bought', 'it', 'from', 'newbalance', 'ca', 'i', 'don', 't', 'know', 'much', 'about', 'sneakers', 'or', 'the', 'brand', 'culture', 'just', 'happened', 'to', 'like', 'this', 'style', 'is', 'this', 'some', 'kind', 'of', 'quirky', 'misprint', 'or', 'did', 'i', 'received', 'a', 'pair', 'of', 'fake']",Newbalance
0,['summertime'],Newbalance
1,"['lpu', '990v2', 'stone', 'blue']",Newbalance
2,"['what', 'color', 'would', 'you', 'guys', 'recommend', 'on', 'the', '54', '70s']",Newbalance
3,"['new', 'balance', 'socks']",Newbalance
4,"['2002r', 'protection', 'pack', 'sizing', 'question']",Newbalance
5,['wooo'],Newbalance
6,"['added', 'the', '997', '5', 'to', 'my', 'collection']",Newbalance
7,"['added', 'the', '997', '5', 'to', 'my', 'collection']",Newbalance
8,"['protection', 'pack', 'release', 'thread']",Newbalance
9,"['rocking', 'the', 'white', '2002r', 'today']",Newbalance
10,['1500'],Newbalance
11,"['my', 'first', 'ever', 'premium', 'new', 'balance', 'shoe']",Newbalance
12,"['2002r', 'protection', 'pack', 'europe']",Newbalance
13,"['new', 'balance', 'x', 'tokyo', 'design', 'studio', 'niobium', 'concept', '2', 'sizing']",Newbalance
14,"['just', 'messing', 'w', 'navy', 'laces', 'surprised', 'how', 'much', 'i', 'like', 'it']",Newbalance
15,"['577', 'custom', 'cycling', 'shoe']",Newbalance
16,"['navy', '990v2', 'available', 'in', 'most', 'sizes', 'at', 'blends', 'if', 'anyone', 'is', 'interested']",Newbalance
17,"['i', 'm', 'in', 'my', 'navy', 'scrubs', 'majority', 'of', 'the', 'month', 'and', 'these', 'add', 'nice', 'contrast', 'love', 'em']",Newbalance
18,"['late', 'to', 'the', 'party', 'but', 'finally', 'got', 'the', 'bodega', '990v3']",Newbalance
19,"['these', 'bad', 'boys', 'came', 'in', 'today', 'amp', 'i', 'had', 'to', 'put', 'on', 'the', 'blue', 'laces']",Newbalance
20,"['these', 'bad', 'boys', 'came', 'in', 'today', 'amp', 'i', 'had', 'to', 'put', 'on', 'the', 'blue', 'laces']",Newbalance
21,"['to', 'all', 'the', 'haters', 'who', 'said', 'that', 'the', 'm992ec', 'were', 'just', 'glorified', 'monarchs', 'y', 'all', 'wrong']",Newbalance
22,"['577', 'custom', 'spd', 'cycling', 'shoe']",Newbalance
23,"['577', 'custom', 'spd', 'cycling', 'shoes']",Newbalance
24,"['nb', 'auralee', '550']",Newbalance
25,"['from', 'down', 'under', 'm1500ggy', 'footwell', 'shot']",Newbalance
26,"['outlet', 'finds']",Newbalance
27,"['my', 'disappointment', 'is', 'immeasurable', 'and', 'my', 'day', 'is', 'ruined']",Newbalance
28,"['sir', 'patrick', 'is', 'one', 'of', 'us']",Newbalance
29,"['love', 'this', 'green']",Newbalance
30,"['walked', 'into', 'my', 'local', 'nb', 'store', 'and', 'they', 'had', 'these', 'in', 'my', 'size', 'in', 'the', 'back', 'from', 'someone', 'who', 'never', 'picked', 'up', 'their', 'order', 'a', 'long', 'time', 'ago', 'scooore']",Newbalance
31,"['who', 'else', 'took', 'the', 'l']",Newbalance
32,"['extra', 'butter', '2002']",Newbalance
33,"['protection', 'pack']",Newbalance
34,"['new', 'balance', 'x', 'joe', 'freshgoods', '990v3']",Newbalance
35,"['need', 'help', 'identifying', 'a', 'shoe']",Newbalance
36,"['just', 'another', 'day', 'in', 'the', 'office']",Newbalance
37,"['991sbn', 'today', 'i', 'm', 'a', 'sucker', 'for', 'brown', 'shoes']",Newbalance
38,"['new', 'balance', 'launches', 'partnership', 'with', 'renewal', 'workshop', 'to', 'sell', 'reconditioned', 'returns']",Newbalance
39,"['protection', 'pack', 'drop']",Newbalance
40,"['outlet', 'finds']",Newbalance
41,"['update', 'ended', 'up', 'getting', 'them']",Newbalance
42,"['2002r', 'size', 'compared', 'to', '991']",Newbalance
43,"['ml2002rc', 'marblehead', 're', 'up', 'in', 'australia', 'was', 'struggling', 'to', 'find', 'this', 'og', 'colour', 'way', 'and', 'then', 'this', 'drop', 'happened', 'sizes', '7', '13', 'us', 'as', 'of', 'posting']",Newbalance
44,"['how', 'durable', 'are', 'the', '990v3', 'outsoles']",Newbalance
45,"['couple', 'dope', '574', 'i', 'picked', 'up', 'recently']",Newbalance
46,"['anyone', 'know', 'where', 'to', 'cop', 'these', 'bad', 'boys', 'in', 'europe', 'size', '42eu', '8', '5us', '8uk']",Newbalance
47,"['latest', 'pickup', 'm1300', 'jp']",Newbalance
48,"['latest', 'addition', 'm1300jp']",Newbalance
49,"['going', 'half', 'size', 'down', 'for', 'the', '2002r']",Newbalance
50,"['can', 'i', 'wash', 'my', 'shoes', 'in', 'the', 'washing', 'machine']",Newbalance
51,"['to', 'all', 'the', 'haters', 'who', 'said', 'the', 'm992ec', 'were', 'just', 'glorified', 'monarchs', 'you', 're', 'wrong']",Newbalance
52,"['notre', 'shop']",Newbalance
53,"['salty', 'phantoms']",Newbalance
54,"['sns', 'has', 'a', 'good', 'amount', 'of', 'sizes', 'left', 'on', 'the', 'v2s', 'i', 'scooped', 'a', '9', '5']",Newbalance
55,"['m991ani', 'm991gl', 'm1500ggy']",Newbalance
56,"['to', 'all', 'the', 'haters', 'who', 'said', 'the', 'm992ec', 'are', 'just', 'glorified', 'monarchs', 'i', 'disagree']",Newbalance
57,"['where', 'can', 'i', 'buy', 'the', 'auralee', 'x', 'new', 'balance', '550']",Newbalance
58,"['have', 'a', 'pair', 'of', 'nike', 'dunks', 'size', '10', '5m', 'unworn', 'i', 'm', 'looking', 'to', 'swap', 'for', 'some', 'new', 'balance', '550', 'size', '10', '5m']",Newbalance
59,"['where', 'do', 'i', 'buy', 'the', 'auralee', 'x', 'new', 'balance', '550']",Newbalance
60,"['lpu', 'might', 'be', 'my', 'new', 'favorite', '1400', 'colorway', 'm1400wa']",Newbalance
61,"['trying', 'to', 'find', 'what', 'these', 'are', 'they', 're', 'nowhere', 'on', 'the', 'website', 'and', 'their', 'customer', 'service', 'doesn', 't', 'know', 'anyone', 'have', 'a', 'clue']",Newbalance
62,"['to', 'all', 'the', 'haters', 'who', 'said', 'the', 'm992ec', 'were', 'just', 'glorified', 'monarchs', 'i', 'still', 'think', 'theyre', 'sick']",Newbalance
63,"['new', 'pickup', 'm990kt3', 'kith']",Newbalance
64,['m991gyb'],Newbalance
65,"['new', 'balance', 'xc72', 'uxc72bb2']",Newbalance
66,"['first', 'pair', 'of', 'v2', 's']",Newbalance
67,"['jfg', 'dropping', 'his', '990v3', 'at', 'over', 'a', 'dozen', 'stores', 'emails', 'for', 'his', 'raffle', 'not', 'going', 'out', 'until', 'next', 'week', 'apparently']",Newbalance
68,"['has', 'anyone', 'received', 'a', 'raffle', 'win', 'email', 'from', 'joefreshgoods']",Newbalance
69,"['v4', 's', 'at', 'the', 'movies']",Newbalance
70,"['nb', 'for', 'lower', 'back', 'discomfort']",Newbalance
71,"['like', 'clouds']",Newbalance
72,['m992gr'],Newbalance
73,"['any', 'skaters', 'about', 'to', 'help', 'with', 'sizing']",Newbalance
74,"['anyone', 'know', 'what', 'silhouette', 'these', 'are']",Newbalance
75,"['mail', 'call']",Newbalance
76,"['daily', 'drivers', 'to', 'camp', 'shoes', 'to', 'work', 'beaters', 'time', 'for', 'retirement', 'thanks', 'for', 'the', 'miles']",Newbalance
77,"['beat', 'the', 'everliving', 'shit', 'out', 'of', 'these', 'tending', 'bar', 'this', 'summer']",Newbalance
78,"['are', '1300s', 'tts', 'or', 'do', 'they', 'run', 'big']",Newbalance
79,"['first', 'pair', 'of', '327', 's', 'should', 'i', 'keep', 'the', 'white', 'laces', 'or', 'go', 'with', 'the', 'blue']",Newbalance
80,"['new', 'balance', '993', 'laces']",Newbalance
81,"['finally', 'pulled', 'the', 'trigger', 'on', 'some', '992s']",Newbalance
82,"['1500s', 'on', 'feet', 'today']",Newbalance
83,"['current', 'rotation']",Newbalance
84,"['current', 'rotation']",Newbalance
85,"['v4', 's', 'at', 'the', 'movies']",Newbalance
86,"['instant', 'favorites', 'm990bl2']",Newbalance
87,"['1500s', 'on', 'feet', 'today']",Newbalance
88,"['managed', 'to', 'find', 'a', 'pair', 'of', 'usa', '997', 's', 'to', 'replace', 'my', 'beat', '574', 's', '2nd', 'pic']",Newbalance
89,"['barney', 's', 'newyork', 'x', 'nb', '1700', 'glow', 'in', 'the', 'dark']",Newbalance
90,"['feeling', 'cute', 'today']",Newbalance
91,"['new', 'balance', '997', '5', 'fit', 'question']",Newbalance
92,"['that', 'was', 'surprisingly', 'easy', 'maybe', 'stick', 'to', 'online', 'drops', 'joe']",Newbalance
93,"['had', 'to', 'shout', 'out', 'these', 'customs']",Newbalance
94,"['finally', 'got', 'myself', 'new', 'usa', 'made', '997', 's', 'to', 'replace', 'my', 'absolutely', 'beat', '574', 's', '2nd', 'pic']",Newbalance
95,"['990v2', 'question', 'are', 'the', '990v2', 'grey', 'white', 'the', 'same', 'color', 'grey', 'as', 'the', 'recently', 'released', 'version', '2', 'grey', 'i', 'know', 'they', 'look', 'v', 'different', 'in', 'the', 'photos', 'but', 'have', 'seen', 'some', 'pics', 'of', 'the', 'version', '2', 's', 'that', 'look', 'pretty', 'grey', 'to', 'me']",Newbalance
96,"['990v2', 'question', 'are', 'the', 'grey', 'white', '990v2', 'shown', 'here', 'and', 'the', 'recent', 'version', '2', 'reissue', 'grey', 'the', 'same', 'color', 'i', 'know', 'they', 'look', 'very', 'different', 'in', 'the', 'photos', 'but', 'have', 'seen', 'some', 'other', 'pics', 'where', 'they', 'look', 'the', 'same']",Newbalance
97,"['which', '992', 'after', 'the', 'gr']",Newbalance
98,"['v4', 's', 'at', 'the', 'movies']",Newbalance
99,"['which', '992', 'after', 'the', 'gr', 'ec', 'eb', 'gg', 'or', 'ca']",Newbalance
0,"['992tn', 'legit', 'check', 'please']",Newbalance
1,"['998', 'but', 'not', '997', '5', 'i', 'cant', 'find', 'another', '998', 'that', 'looks', 'like', 'mine', 'i', 'm', 'confused', 'i', 'purchased', 'them', 'about', '5', 'years', 'ago', 'in', 'a', 'throaty', 'store', 'in', 'vancouver', 'i', 've', 'warn', 'them', 'since', 'then', 'maybe', '6x', 'so', 'i', 'was', 'trying', 'to', 'figure', 'out', 'their', 'worth', 'but', 'i', 'm', 'confused', 'any', 'suggestions', 'would', 'be', 'nice', 'thanks', 'in', 'advance']",Newbalance
2,"['unintentionally', 'hilarious', 'caption', 'on', 'the', 'new', 'balance', 'site', 'for', 'the', 'pride', 'month', '574s', 'unisex', 'lifestyle']",Newbalance
3,"['sizing', 'help', 'really', 'appreciated', 'for', '990v2s']",Newbalance
4,"['m850kh', 'plus', 'a', '997h', 'cameo', 'because', 'my', 'bro', 'came', 'over', 'and', 'it', 'be', 's', 'like', 'that']",Newbalance
5,"['has', 'anyone', 'heard', 'from', 'the', 'jfg', 'raffle', 'yet']",Newbalance
6,"['i', 'need', 'help', 'with', 'sizing', 'any', 'input', 'is', 'appropriated', 'details', 'in', 'the', 'comments']",Newbalance
7,"['anyone', 'get', 'their', 'confirmation', 'emails', 'from', 'extrabutter', 'about', 'the', 'protection', 'pack']",Newbalance
8,"['order', 'confirmation', 'email']",Newbalance
9,"['kith', 'in', 'store', 'exclusives']",Newbalance
10,"['finally', 'got', 'my', 'hands', 'on', 'my', 'grails', 'studio', 'fy7', '992', 's']",Newbalance
11,"['what', 'i', 'm', 'working', 'with']",Newbalance
12,"['what', 'happened', 'to', 'youtuber', 'anthony', 'levine']",Newbalance
13,"['need', 'help', 'please', 'new', 'balance', '550']",Newbalance
14,"['thoughts', 'on', 'the', '57', '40', 'personally', 'i', 'feel', 'like', 'they', 're', 'way', 'too', 'chunky', 'on', 'feet', 'and', 'not', 'as', 'versatile', 'as', 'the', 'og', '574', 'shots', 'for', 'concretejungletrading']",Newbalance
15,"['my', 'first', 'made', 'in', 'uk', 'pair', 'and', 'i', 'm', 'stoked']",Newbalance
16,"['suede', 'cleaning', 'products']",Newbalance
17,"['lots', 'of', '992', 'white', 'blue', 'sizes', 'on', 'nb']",Newbalance
18,"['what', 'are', 'these', 'called']",Newbalance
19,"['little', 'ald', '990v5', 'today']",Newbalance
20,"['how', 'would', 'you', 'rank', 'the', 'made', 'in', 'us', 'uk', 'models', 'based', 'on', 'comfort']",Newbalance
21,"['loving', 'my', '550s']",Newbalance
22,"['time', 'for', 'an', 'upgrade']",Newbalance
23,"['how', 'to', 'fix', 'restore', '998', 'midsole']",Newbalance
24,"['help', 'on', 'understanding', 'and', 'knowing', 'new', 'balance', 'models']",Newbalance
25,"['still', 'can', 't', 'believe', 'i', 'got', 'these', 'v4s', 'for', '60']",Newbalance
26,"['raffle', 'on', 'joefreshgoods', 'com', 'for', 'the', '990v3', 'closes', 'aug', '15', '5pm', 'cst']",Newbalance
27,"['outside', 'clothes', 'raffle', 'is', 'live']",Newbalance
28,"['new', 'balance', 'm997', '5', 'cop', 'or', 'not']",Newbalance
29,"['new', 'balance', 'm997', '5', 'grey']",Newbalance
30,"['new', 'balance', '1500', 'made', 'in', 'england', 'sizing']",Newbalance
31,"['any', 'way', 'to', 'tell', 'when', 'this', 'shoe', 'was', 'made']",Newbalance
32,"['my', 'first', 'nb', 'pair', '412v3', 'for', '50']",Newbalance
33,"['notre', 'shop', 'has', 'thenew', 'balance', 'xc72', 'uxc72aa1']",Newbalance
34,"['can', 't', 'decide', 'between', 'these', 'two', '991s', 'what', 'do', 'you', 'guys', 'think']",Newbalance
35,"['kith', 'has', 'the', 'new', 'balance', 'xc72']",Newbalance
36,"['just', 'came', 'in', 'the', 'mail', 'and', 'can', 't', 'wait', 'to', 'throw', 'these', 'on', 'later', 'today', 'protection', 'pack']",Newbalance
37,"['fellas', 'what', 'is', 'this', 'model', 'posted', 'on', 'teddy', 'santis', 'ig', 'story', 'months', 'ago']",Newbalance
38,"['saturday', 'morning', 'dad', 'mode']",Newbalance
39,"['today', 's', 'fit']",Newbalance
40,"['for', 'anyone', 'that', 'wanted', 'bricks', 'and', 'wood']",Newbalance
41,"['my', 'first', 'nbs', 'do', 'i', 'go', 'green', 'or', 'grey', 'for', 'laces']",Newbalance
42,"['in', 'case', 'anyone', 's', 'interested', 'm991gyb', 'on', 'end']",Newbalance
43,"['ready', 'for', 'the', 'day', 'ahead']",Newbalance
44,['id'],Newbalance
45,"['decide', 'to', 'do', 'double', 'laces', 'em', 'what', 'are', 'your', 'thoughts']",Newbalance
46,"['finally', 'on', 'feet', 'after', 'waterproofing', 'my', 'custom', '997s', 'fusions']",Newbalance
47,"['id', 'never', 'seen', 'these', 'abt', 'to', 'buy']",Newbalance
48,"['991skr', 'w', 'red', 'laces']",Newbalance
49,"['might', 'be', 'a', 'long', 'shot', 'need', 'help', 'identifying', 'shoes', 'what', 'style', 'these', 'are']",Newbalance
50,"['2002r', 'vs', '992', 'sizing']",Newbalance
51,"['rocking', 'the', 'made', 'in', 'the', 'usa', '997', 'at', 'work', 'today']",Newbalance
52,"['new', 'pick', 'up']",Newbalance
53,"['new', 'pickup', 'do', 'not', 'sleep', 'on', 'the', 'new', 'balance', '992ec']",Newbalance
54,"['new', 'balance', '850']",Newbalance
55,"['still', 'not', 'over', 'having', 'these', 'pair']",Newbalance
56,"['990v3', 'x', 'bodega', 'now', 'my', 'favorite', 'pair']",Newbalance
57,"['990v3', 'x', 'bodega', 'now', 'my', 'favorite', 'pair']",Newbalance
58,"['newest', 'pickup', 'finally', 'drops', 'in', 'the', 'states']",Newbalance
59,"['loving', 'these', '480s']",Newbalance
60,"['amigos', 'e', 'familia']",Newbalance
61,"['992', 'gr', 'restocked', 'again', 'on', 'new', 'balance', 'uk']",Newbalance
62,"['i', 'can', 't', 'find', 'these', 'grey', '237s', 'anywhere', 'are', 'they', 'still', 'being', 'produced']",Newbalance
63,"['recent', 'pickups']",Newbalance
64,"['any', 'additional', '550', 'auralee', 'drops', 'occurring', 'or', 'is', 'that', 'it', 'thanks']",Newbalance
65,"['wearing', 'my', 'old', '990v4s', 'in', 'sea', 'foam', 'green', 'today']",Newbalance
66,"['quick', 'question', 'are', 'these', 'made', 'from', 'normal', 'suede', 'or', 'pig', 'suede']",Newbalance
67,"['new', 'balance', '2002r', 'rain', 'cloud']",Newbalance
68,"['todays', 'on', 'foot']",Newbalance
69,"['can', 'someone', 'identify', 'this', 'pair', '2015', '2016']",Newbalance
70,"['why', 'rub', 'salt', 'in', 'my', 'wounds', 'like', 'this', 'nb']",Newbalance
71,"['574', 'start', 'with', 'slightly', 'tight', 'or', 'go', 'on', 'the', 'larger', 'side']",Newbalance
72,"['997s', 'sizing']",Newbalance
73,"['can', 'someone', 'help', 'me', 'id', 'thanks']",Newbalance
74,"['what', 's', 'your', 'favourite', '990v5', 'colour', 'way']",Newbalance
75,"['will', 'the', 'white', 'green', '550', 's', 'every', 'drop', 'again', 'or', 'do', 'i', 'have', 'to', 'buy', 'them', 'from', 'a', 'second', 'hand', 'retailer']",Newbalance
76,"['first', 'pair', 'of', 'nb', 's', 'i', 'll', 'be', 'back', 'soon']",Newbalance
77,"['new', '992s', 'match', 'my', 'new', 'keyboard']",Newbalance
78,"['just', 'curious']",Newbalance
79,"['just', 'curious']",Newbalance
80,"['lace', 'swap', 'on', 'my', 'm992ca']",Newbalance
81,"['can', 'somebody', 'tell', 'me', 'what', 'pair', 'this', 'is', 'pls', 'need', 'one', 'immediately']",Newbalance
82,"['new', 'balance', 'joined', 'the', 'renewal', 'workshop']",Newbalance
83,"['i', 'really', 'like', 'these', '992s', 'way', 'better', 'in', 'hand', 'than', 'in', 'the', 'retail', 'photos']",Newbalance
84,"['ct', 'alley']",Newbalance
85,"['new', 'balance', '2002r', 'protection', 'pack', 'release', 'on', 'sns', '8', '12', '21']",Newbalance
86,"['new', 'balance', '2002r']",Newbalance
87,"['997', '5']",Newbalance
88,"['puerto', 'rican', 'cat', 'loves', 'my', 'new', 'balances']",Newbalance
89,"['new', 'balance', 'sues', 'michael', 'kors', 'over', 'n', 'logo', 'trainers']",Newbalance
90,"['1300cls', 'in', 'office', 'today']",Newbalance
91,"['can', 'anyone', 'identify', 'these', 'i', 'think', 'they', 'are', '993', 'but', 'not', 'sure', 'what', 'colour', 'way']",Newbalance
92,"['when', 'are', 'the', 'todd', 'snyder', 's', '327s', 'going', 'on', 'sale', 'on', 'the', 'new', 'balance', 'site']",Newbalance
93,"['first', 'made', 'nbs', 'm997dslr']",Newbalance
94,"['when', 'are', 'these', '990v2', 's', 'releasing', 'felt', 'like', 'i', 'saw', 'pictures', 'before', 'but', 'these', 'look', 'better', 'in', 'hand']",Newbalance
95,"['need', 'more', '2002r']",Newbalance
96,"['lc', 'nb', '993']",Newbalance
97,"['not', 'sure', 'if', 'this', 'has', 'been', 'shared', 'but', 'just', 'copped', 'these', 'white', '992s', 'off', 'newbalance', 'com']",Newbalance
98,"['can', 'someone', 'please', 'tell', 'me', 'what', 'shoes', 'and', 'colorway', 'these', 'are']",Newbalance
99,"['could', 'anyone', 'identify', 'the', 'color', 'name', 'of', 'these', '574s']",Newbalance
0,"['of', 'all', 'my', 'sneakers', 'when', 'i', 'know', 'i', 'm', 'going', 'to', 'be', 'walking', 'a', 'lot', 'over', 'a', 'couple', 'days', 'these', 'guys', 'never', 'let', 'me', 'down']",Newbalance
1,"['if', 'you', 'could', 'only', 'choose', 'one', 'of', 'these', 'gr', '992', 's', 'which', 'would', 'it', 'be']",Newbalance
2,"['before', 'and', 'after', 'brushing', 'with', 'a', '7', 'amazon', 'suede', 'brush', 'brushed', 'all', 'the', 'suede', 'except', 'on', 'my', '2002r', 'nbs', 'are', 'so', 'high', 'maintenance']",Newbalance
3,"['help', 'identify', 'these', 'old', 'new', 'balances']",Newbalance
4,"['do', '991', 's', 'have', 'a', 'break', 'in', 'period']",Newbalance
5,"['i', 'm', 'in', 'love', 'with', 'them']",Newbalance
6,['workwear'],Newbalance
7,"['cls', '992', '990v2', '998', 'get', 'all', 'the', 'love', 'how', 'about', 'the', 'og', '1300']",Newbalance
8,"['opinions', 'on', 'better', 'shoe']",Newbalance
9,"['new', '997', 's', 'at', 'jcrew']",Newbalance
10,"['my', 'first', 'custom', 'still', 'a', 'couple', 'things', 'i', 'need', 'to', 'do', 'for', 'touch', 'up', 'but', 'happy', 'with', 'the', 'result']",Newbalance
11,"['here', 's', 'a', 'shoe', 'you', 'don', 't', 'see', 'often', 'nb', '496', 'x', 'concepts', 'regatta']",Newbalance
12,"['wtb', '992', 'us11', '10', '5']",Newbalance
13,"['my', 'two', 'favorite', 'colorways']",Newbalance
14,"['finally', 'breaking', 'in', 'the', 'kith', 'rc', '1300', 'elephant', 'in']",Newbalance
15,"['picked', 'this', 'up', 'for', '80', 'at', 'an', 'outlet', 'in', 'our', 'area', 'my', 'first', '1500', 'and', 'im', 'in', 'love']",Newbalance
16,"['so', 'handsome', 'ald', 'new', 'balance', '550', 'grey']",Newbalance
17,"['992ec', 'size', '10', 'on', 'nb']",Newbalance
18,"['had', 'these', 'waiting', 'for', 'me', 'when', 'i', 'got', 'home', 'from', 'work', '1st', 'nb', 'in', 'over', '10', 'years']",Newbalance
19,"['two', 'cws', 'of', 'kith', 's', '990v2s']",Newbalance
20,"['boba', 'run']",Newbalance
21,"['loving', 'these', 'for', 'work', 'perhaps', 'my', 'favorite', 'pair', 'to', 'wear']",Newbalance
22,"['i', 'wear', '11', '5', 'would', 'a', 'pair', 'of', '574s', 'in', 'a', '12', 'fit', 'fine', 'on', 'me']",Newbalance
23,"['slowtide', 'collab']",Newbalance
24,"['added', 'another', '4', 'layer', 'shoe', 'rack', 'on', 'top']",Newbalance
25,"['maybe', 'not', 'the', 'most', 'exclusive', 'but', 'i', 'had', 'to', 'get', 'these', 'when', 'i', 'saw', 'them', 'they', 'just', 'make', 'me', 'smile']",Newbalance
26,"['malarkey', 'level', 'is', 'off', 'the', 'charts', 'on', 'these', 'add', 'butterfly50s', 'that', 'instagram', 'wants', 'me', 'to', 'see']",Newbalance
27,"['some', 'of', 'my', 'latest', 'pick', 'ups']",Newbalance
28,['m992lt'],Newbalance
29,"['second', 'pair', 'still', 'got', 'my', 'eyes', 'on', 'a', 'couple', 'more', 'happy', 'days']",Newbalance
30,"['ive', 'spent', 'way', 'too', 'much', 'time', 'looking', 'for', 'these', 'any', 'advice', 'cm997hei']",Newbalance
31,"['990', 'v1', 'size', '13', 'a', 'little', 'too', 'big', 'for', 'me', 'so', 'going', 'to', 'return', 'it']",Newbalance
32,"['sizing', 'help', '1300', 'vs', '550']",Newbalance
33,"['jfg', 'outside', 'clothes', 'is', 'he', 'dropping', 'it', 'online', 'at', 'a', 'future', 'date', 'so', 'much', 'hype', 'around', 'an', 'in', 'person', 'pickup', 'in', 'chi']",Newbalance
34,['v4s'],Newbalance
35,"['so', 'far', 'my', 'favorite', 'picks', 'of', 'this', 'year']",Newbalance
36,"['1880', 'vs', '574', 'for', 'wide', 'feet']",Newbalance
37,"['shoes', 'are', 'indispensable', 'in', 'the', 'shoe', 'cupboard', 'ame', 'leon', 'dore', 'newbalance550']",Newbalance
38,"['990v2', 'made', 'in', 'usa', 'black', 'w', 'white', 'm990bl2', 'back', 'in', 'stock', 'sizes', '4', '5', '5', '6', '10']",Newbalance
39,['bummer'],Newbalance
40,"['feel', 'wearing', '327', 'with', 'buddy', 'today']",Newbalance
41,"['990v3', 'genesis']",Newbalance
42,"['wta', 'size', 'on', '990v3']",Newbalance
43,"['full', 'size', 'run', 'of', '3', 'different', '2002r', 'colorways', 'including', 'white', 'up', 'now', 'on', 'the', 'main', 'site']",Newbalance
44,"['ald', 'x', '550', 'navy', 'search']",Newbalance
45,"['gotta', 'love', 'delivery', 'day']",Newbalance
46,"['latest', 'mail', 'delivery']",Newbalance
47,"['i', 'can', 't', 'find', 'this', 'shoe', 'on', 'the', 'nb', 'site', 'can', 'you', 'all', 'id', 'this', '574']",Newbalance
48,"['nb', 'fam', '992', 'steve', 'job', 'grey', 'or', 'nimbus', 'cloud']",Newbalance
49,"['check', 'the', 'factory', 'stores']",Newbalance
50,"['my', 'current', 'collection', 'white', 'and', 'grey', 'protection', 'pack', 'next', 'in', 'the', 'list']",Newbalance
51,"['does', 'anybody', 'know', 'this', 'model']",Newbalance
52,"['my', 'new', 'acquisition', '997s']",Newbalance
53,"['closer', 'look', 'at', '3', 'upcoming', '550s']",Newbalance
54,"['pls', 'help', 'anyone', 'identifies', 'this', 'shoe']",Newbalance
55,"['m670ukrb', 'beaters', 'for', 'the', 'day']",Newbalance
56,"['nb', '574', 'x', 'size']",Newbalance
57,"['still', 'waiting', 'for', 'my', 'm990bl2', 'to', 'ship', 'from', 'new', 'balance']",Newbalance
58,"['new', 'balance', '2002r', 'brown', 'colorway']",Newbalance
59,"['finally', 'breaking', 'in', 'the', 'jjjjound', 'mossy', '992s']",Newbalance
60,"['sale', 'new', 'balance', 'niobium', '3', 'in', '1', 'mule', 'boot', 'at', '90', '300', 'retail', 'at', 'bodega', 'size', '8', '5', '10', '5']",Newbalance
61,"['how', 'do', '992', 's', 'fit', 'compared', 'to', '550', 's', 'should', 'i', 'go', 'a', 'half', 'size', 'down', 'or', 'the', 'same', 'size']",Newbalance
62,"['990v5', 'navy', 'lace', 'swap']",Newbalance
63,"['current', 'favourite', 'of', 'the', 'lot']",Newbalance
64,"['todd', 'snyder', 'x', 'new', 'balance', 'farmers', 'market', 'jacket']",Newbalance
65,"['off', 'topic', 'socks']",Newbalance
66,"['kith', '990v3', 'tornado']",Newbalance
67,"['why', 'are', 'all', 'my', 'favorite', 'styles', 'only', 'available', 'in', 'the', 'uk']",Newbalance
68,"['summertime', '550s']",Newbalance
69,"['can', 'anyone', 'tell', 'me', 'how', 'to', 'find', 'these', 'what', 'are', 'they', 'called']",Newbalance
70,"['obsessed', 'with', 'these']",Newbalance
71,"['late', 'to', 'the', 'party', 'geez', 'these', 'are', 'amazing', 'in', 'person']",Newbalance
72,"['wide', 'footer', 'question']",Newbalance
73,"['hd', 'shot', 'of', 'the', '577sds']",Newbalance
74,"['can', 'anyone', 'id', 'these', 'thank', 'you']",Newbalance
75,"['a', 'little', 'weekend', 'porn', 'this', 'is', 'the', 'only', 'shop', 'that', 'carries', 'the', 'made', 'in', 'uk', 'usa', 'near', 'me', 'next', 'shop', 'is', '2500', 'miles', 'away', 'i', 'don', 't', 'think', 'they', 'realize', 'the', 'gold', 'they', 'have']",Newbalance
76,"['is', 'sunika', 'sneakers', 'legit']",Newbalance
77,"['first', 'newbalance', 'pick', 'up', 'i', 'm', 'in', 'love', 'any', 'other', 'recommendations']",Newbalance
78,"['what', 's', 'your', 'favorite', 'nb', 'x', 'bodega', 'collab', 'so', 'far']",Newbalance
79,['m992nk1'],Newbalance
80,"['i', 'was', 'born', 'in', '2000', 'favorite', 'pickup', 'in', 'a', 'while', 'love', 'the', 'reflective']",Newbalance
81,"['golden', '990', 'v4']",Newbalance
82,"['check', 'out', 'these', '992', 'nimbus', 'cloud', 'white', 'size', '8']",Newbalance
83,"['check', 'out', 'these', '992', 'nimbus', 'cloud', 'white', 'silver', 'size', '8', '5']",Newbalance
84,"['check', 'out', 'these', '992', 'nimbus', 'silver', 'cloud', 'white']",Newbalance
85,"['any', 'info', 'on', 'this', 'pair', 'i', 'ordered']",Newbalance
86,"['anyone', 'selling', 'these', 'for', 'retail', 'us8', '5', 'or', '9']",Newbalance
87,"['came', 'across', 'this', 'pair', 'of', '577', 'today', 'last', 'pair', 'and', 'in', 'my', 'size', 'so', 'i', 'had', 'to', 'adopt', 'them']",Newbalance
88,"['finally', 'wore', 'my', 'pink', 'ald', '1300s']",Newbalance
89,"['do', '550', 's', 'look', 'good', 'with', 'baggy', 'pants']",Newbalance
90,"['found', '550s', 'for', '120', 'at', 'my', 'local', 'eblens']",Newbalance
91,"['check', 'your', 'local', 'jimmy', 'jazz', 'just', 'got', 'grey', '992s', 'for', '175']",Newbalance
92,"['finally', 'got', 'a', 'pair', 'of', 'the', '991', '20th', 'anniversary', 'already', 'my', 'favorite']",Newbalance
93,"['is', '992', 'grey', 'same', 'as', 'grey', 'with', 'white']",Newbalance
94,"['probably', 'the', 'biggest', 'steal', 'i', 'will', 'ever', 'find', 'almost', 'brand', 'new', '997h', 'for', 'only', '15', 'just', 'a', 'little', 'water', 'stain', 'on', 'the', 'suede', 'but', 'that', 's', 'it']",Newbalance
95,"['my', '990s', 'are', 'cooler', 'than', 'yours']",Newbalance
96,"['anyone', 'know', 'what', 'happened', 'with', 'the', 'joefreshgoods', 'outside', 'clothes', '990', 'drop', 'in', 'chicago']",Newbalance
97,"['57', '40', 's', 'paired', 'with', 'the', 'nb', 'shorts', 'only', 'way', 'to', 'do', 'it', 'love', 'the', 'reflective']",Newbalance
98,"['say', 'what', 'you', 'want', 'but', 'these', 'are', 'all', 'vibes', 'here']",Newbalance
99,"['latest', 'pickups']",Newbalance
